Dte. Barri AEB SC Electors Votants BCOMÚ-E CUP CILUS C`s |VOX - PFYV| CiU EV-AE EB ERC |FE de las JONS| LCN |Millor Barcelona| PP |SAIn | PACMA PCPC |PSC-CP | PH P-LIB PxC UPyD |UPDIC | Blancs Nuls
BARCELONA    1.161.140 703.590 176.612 51.945 989 77.272 1.520 159.393 5.684 1.957 77.120 455 99 2.626 61.004 166 5.720 656 67.489 439 273 1.617 811 286 6.363 3.094
1 1 1 1 653 316 104 15 0 37 1 34 2 1 22 0 0 2 46 0 1 1 42 2 0 1 2 0 1 2
1 1 1 2 655 282 103 18 1 17 0 33 4 1 28 0 0 2 20 1 3 0 45 0 0 2 2 0 0 2
1 1 2 3 1.436 670 192 36 0 49 2 98 13 3 46 0 0 2 100 1 3 0 109 0 0 4 0 1 7 4
1 1 2 4 1.375 676 243 44 1 73 2 80 3 1 66 0 0 4 59 0 10 1 81 0 1 1 0 1 4 1
1 1 3 5 1.195 491 177 42 4 23 1 63 9 1 46 0 0 1 40 1 7 0 64 2 0 0 3 0 5 2
1 1 3 6 687 291 108 19 0 0 1 46 1 0 29 0 0 0 30 0 0 14 35 0 0 1 2 0 3 2
1 1 3 7 871 364 169 31 1 21 0 39 5 0 17 0 0 1 31 0 2 0 39 2 0 4 0 0 2 0
1 1 4 8 1.294 488 182 37 1 33 1 73 2 0 39 0 0 2 29 0 4 3 73 1 0 0 0 0 4 4
1 1 4 9 1.015 460 138 36 2 31 2 82 8 0 42 0 0 5 44 0 7 0 49 1 0 1 0 1 6 5
1 1 4 10 868 366 145 29 0 20 0 61 0 3 40 1 0 1 19 0 5 0 37 0 0 2 0 1 0 2
1 1 5 11 1.290 533 211 37 0 26 1 76 4 2 47 2 0 3 41 0 6 1 68 2 0 3 2 0 0 1
1 1 5 12 948 447 166 42 0 34 1 62 6 2 45 0 0 4 38 0 3 0 38 0 0 0 0 0 4 2
1 1 5 13 771 361 120 0 0 38 0 76 0 0 40 1 0 0 24 4 1 0 52 0 0 1 0 0 3 1
1 1 6 14 949 411 158 38 3 1 0 52 3 0 40 1 0 3 27 0 1 0 64 2 1 5 2 0 8 2
1 1 6 15 1.081 486 152 34 0 34 0 79 8 0 48 0 0 4 36 0 5 0 70 1 2 0 1 1 5 6
1 1 6 16 940 404 134 29 0 28 0 64 1 2 33 0 0 0 33 0 1 0 63 0 0 3 1 0 7 5
1 1 6 17 1.081 464 174 30 0 26 0 66 3 0 37 1 0 6 41 1 2 0 69 1 0 2 0 0 3 2
1 1 7 18 788 370 124 22 0 23 1 64 3 1 52 0 0 0 22 0 2 0 46 0 1 1 1 0 1 6
1 1 7 19 1.251 524 203 33 2 46 0 76 4 1 36 0 0 2 33 2 5 0 64 0 0 3 3 2 5 4
1 1 7 20 1.273 703 253 89 0 45 8 135 2 1 83 0 0 2 35 0 3 0 40 0 0 1 0 0 4 2
1 1 8 21 1.195 625 198 60 1 64 1 100 6 1 76 0 0 0 53 0 7 0 47 1 0 1 2 0 6 1
1 2 9 22 778 475 155 66 0 41 0 108 3 0 52 0 0 0 25 0 3 0 16 0 0 0 0 0 3 3
1 2 9 23 1.273 656 212 68 0 51 0 153 3 2 71 0 0 0 36 0 9 0 40 1 0 1 0 0 5 4
1 2 10 25 730 367 144 53 1 22 0 61 4 1 40 0 0 1 16 0 3 0 21 0 0 0 0 0 0 0
1 2 10 26 1.062 485 185 69 2 28 0 65 1 3 47 0 0 3 33 0 8 0 36 0 0 0 0 1 2 2
1 2 10 27 917 496 194 41 0 34 1 73 0 1 57 0 0 2 26 0 10 1 48 0 0 0 0 0 6 2
1 2 11 28 1.044 521 187 68 1 28 2 96 4 1 57 0 0 1 25 1 4 3 35 0 0 0 3 0 3 2
1 2 11 29 710 332 131 38 0 25 0 51 5 0 25 0 0 2 22 0 2 0 28 0 1 0 0 0 0 2
1 2 12 30 1.396 654 244 53 1 35 0 81 10 2 85 1 0 0 59 0 3 0 68 2 0 0 1 1 4 4
1 2 12 31 789 357 151 34 0 26 0 40 9 4 17 0 1 1 25 0 1 0 41 1 0 1 0 0 2 3
1 3 13 32 1.117 532 184 35 1 30 0 84 5 1 67 0 1 6 45 0 5 1 58 0 0 5 0 0 3 1
1 3 13 33 680 298 95 20 3 25 0 55 2 0 41 0 0 1 19 0 8 0 25 1 1 0 0 0 1 1
1 3 13 34 644 269 84 19 2 21 0 47 5 1 31 0 0 0 14 0 7 0 33 2 0 2 0 0 1 0
1 3 14 35 791 367 126 20 0 22 0 52 1 0 36 0 0 1 37 0 2 0 56 0 2 5 0 0 4 3
1 3 14 36 859 390 125 20 1 19 1 42 1 1 77 2 0 1 23 0 4 1 61 0 0 6 1 0 4 0
1 3 15 37 1.013 501 150 34 2 35 0 53 5 1 96 0 2 4 42 0 2 0 62 0 1 4 0 0 2 6
1 3 15 38 810 377 135 27 1 26 0 55 6 0 43 3 0 2 21 0 3 3 44 0 0 2 1 0 4 1
1 3 15 39 854 439 124 37 1 27 0 81 12 1 70 0 0 1 14 0 6 0 50 1 0 2 2 0 6 4
1 3 15 40 673 332 103 20 1 25 1 77 3 1 37 2 0 4 19 0 2 0 29 0 0 5 0 0 3 0
1 3 15 41 784 351 120 20 2 27 0 41 4 0 51 1 0 2 31 0 2 1 38 1 1 3 1 0 3 2
1 3 15 42 1.316 639 173 59 1 41 0 107 0 2 81 0 0 6 41 1 7 3 98 0 3 4 1 0 6 5
1 4 16 43 778 392 157 36 1 36 0 70 5 1 25 0 0 2 14 0 1 0 31 0 0 4 1 3 3 2
1 4 16 44 886 494 174 60 1 41 0 84 6 1 42 0 0 2 34 0 4 2 33 0 1 0 0 0 8 1
1 4 16 45 1.148 509 161 52 2 32 4 80 5 3 64 0 0 3 41 1 4 0 49 1 0 0 0 0 6 1
1 4 16 46 977 458 180 50 0 22 0 70 0 0 38 1 0 3 29 0 7 1 44 0 1 0 1 0 9 2
1 4 17 47 1.002 450 180 31 0 15 0 63 4 2 47 0 0 0 40 0 13 1 47 1 0 1 2 0 2 1
1 4 17 48 1.183 497 183 42 2 24 0 78 9 0 46 0 0 2 45 0 5 2 45 0 2 7 1 0 2 2
1 4 17 49 841 445 145 43 2 23 4 92 3 0 37 0 0 2 39 0 6 0 37 0 0 1 1 2 3 5
1 4 18 50 894 450 150 52 1 26 0 68 1 0 55 3 0 1 27 0 7 1 51 0 0 2 1 3 0 1
1 4 18 51 909 444 170 40 0 34 0 57 3 1 41 1 0 5 13 1 6 2 56 0 1 2 0 2 7 2
1 4 18 52 1.333 814 290 85 0 82 0 146 8 4 91 0 0 2 30 0 12 0 52 0 0 2 1 0 5 4
1 4 19 53 1.214 598 215 49 1 61 0 69 5 3 46 1 0 3 50 1 10 2 67 2 3 2 0 0 8 0
1 4 19 54 761 384 159 25 0 32 1 47 5 1 20 1 0 5 27 0 7 0 50 0 0 1 0 0 2 1
1 4 19 55 905 467 157 36 1 0 3 103 4 1 41 0 0 2 64 0 5 0 43 0 0 0 0 1 2 4
2 5 20 1 846 537 118 45 1 48 1 133 6 2 61 1 0 6 47 0 7 1 48 0 1 2 3 0 3 3
2 5 20 2 1.411 813 188 57 1 75 0 218 7 3 115 0 0 6 66 1 6 0 57 0 0 0 1 0 9 3
2 5 20 3 919 579 118 51 1 59 0 171 3 2 76 1 0 1 36 0 4 0 50 0 0 0 0 1 4 1
2 5 20 4 1.000 626 151 60 1 58 1 151 4 2 87 0 0 3 46 2 4 0 41 2 0 1 1 0 8 3
2 5 20 5 1.539 1.068 214 111 0 117 3 325 3 4 120 0 0 2 68 1 4 1 80 1 0 2 0 1 10 1
2 5 20 6 1.141 795 164 85 0 72 0 212 5 0 91 0 0 8 73 2 4 1 60 0 0 3 1 0 10 4
2 5 20 7 930 620 104 46 4 82 0 172 6 2 77 0 0 0 79 0 5 1 33 0 0 0 1 0 6 2
2 5 20 8 1.357 919 207 77 0 94 3 282 8 4 102 1 0 4 51 1 5 0 64 0 0 0 1 1 10 4
2 5 20 9 1.226 798 195 70 2 96 0 180 6 3 94 0 0 3 62 0 3 0 70 0 0 1 0 0 10 3
2 5 21 10 866 575 126 51 2 75 0 142 2 1 58 0 0 6 43 0 5 1 54 0 0 0 0 0 6 3
2 5 21 11 868 567 142 49 0 73 0 143 2 4 59 0 0 0 47 0 2 1 36 1 1 0 0 0 6 1
2 5 21 12 1.099 685 198 62 1 71 1 128 5 1 81 0 0 1 58 0 14 0 54 1 0 3 0 1 3 2
2 5 21 13 777 474 139 36 2 49 0 96 2 3 63 0 0 3 24 0 1 2 49 0 0 0 0 0 2 3
2 5 22 14 821 463 137 46 0 40 1 112 2 1 62 0 0 1 17 1 6 0 23 1 3 1 1 0 4 4
2 5 22 15 1.123 666 187 55 1 66 2 159 9 3 61 1 0 3 44 0 8 0 57 0 0 1 0 1 8 0
2 5 22 16 1.372 912 182 87 1 110 2 247 14 1 98 0 0 4 72 0 8 0 71 0 0 0 0 0 12 3
2 5 22 17 1.361 913 203 71 1 89 0 259 6 4 127 0 0 6 60 0 3 0 70 1 0 0 1 0 8 4
2 5 22 18 1.365 884 155 47 1 107 0 300 4 3 97 2 0 6 87 0 5 0 57 0 1 1 0 1 6 4
2 5 22 19 1.421 902 197 67 2 99 2 243 9 1 111 0 0 7 80 0 5 1 68 0 0 0 0 0 6 4
2 5 22 20 973 539 115 64 0 58 2 140 2 2 50 0 0 0 45 0 3 0 46 1 0 1 0 1 7 2
2 6 23 21 1.077 688 207 37 0 79 0 123 5 5 86 0 0 2 62 0 5 0 71 0 0 0 0 1 3 2
2 6 23 22 884 581 127 45 0 36 0 168 2 1 92 0 0 1 47 0 10 0 35 0 0 3 2 1 8 3
2 6 23 23 878 530 121 43 1 47 1 110 3 2 80 1 0 1 37 0 6 0 64 0 0 2 0 0 7 4
2 6 23 24 830 504 118 43 3 52 0 111 5 2 59 0 0 0 46 0 4 1 45 0 0 2 3 0 6 4
2 6 24 25 875 523 133 25 1 59 1 150 7 1 64 0 0 0 32 0 7 0 35 1 0 0 0 1 4 2
2 6 24 26 1.540 969 195 69 1 99 0 267 5 4 138 0 0 2 80 0 1 0 91 0 0 1 2 1 8 5
2 6 24 27 1.527 1.012 215 77 0 91 1 312 15 2 132 0 0 4 65 1 4 1 75 0 1 4 2 0 9 1
2 6 24 28 1.502 924 216 73 1 78 0 288 9 6 102 0 0 6 55 1 3 0 70 0 0 1 3 0 10 2
2 6 24 29 847 530 118 56 1 53 1 117 10 1 76 1 0 2 38 0 6 0 48 0 0 0 0 0 1 1
2 6 24 30 897 535 161 27 4 49 1 117 6 4 73 0 0 2 36 0 3 1 39 1 0 0 0 2 7 2
2 6 24 31 844 562 125 40 0 65 0 149 6 2 81 0 0 7 24 0 6 0 51 0 0 1 0 0 4 1
2 6 24 32 932 546 149 40 1 41 1 136 6 3 79 0 0 1 27 0 6 0 47 1 0 0 1 0 5 2
2 6 25 33 883 566 139 51 0 47 0 116 3 3 97 0 0 0 44 0 3 0 59 0 1 0 0 0 3 0
2 6 25 34 838 513 150 42 0 43 0 117 4 1 66 0 0 0 29 0 4 0 52 0 0 2 0 1 2 0
2 6 25 35 989 614 130 50 2 55 1 167 5 1 84 0 0 0 51 0 3 1 48 0 0 0 1 0 8 7
2 6 25 36 933 610 109 59 1 65 3 196 4 0 78 0 0 2 37 0 2 0 38 0 0 0 0 0 9 7
2 6 25 37 959 614 133 52 1 67 0 152 1 3 95 0 0 2 41 0 11 1 43 0 0 0 0 0 9 3
2 6 25 38 1.213 802 154 78 0 74 0 232 12 1 112 2 0 3 49 0 5 1 69 0 0 0 0 0 7 3
2 6 25 39 1.272 766 173 69 1 82 1 198 5 1 102 0 0 1 59 0 1 0 61 0 0 1 2 1 4 4
2 6 25 40 1.126 586 187 68 0 50 0 90 4 1 75 0 0 2 39 0 3 1 59 0 0 1 1 0 3 2
2 6 26 41 1.208 705 158 50 0 47 0 201 7 1 99 0 1 2 44 0 13 0 63 0 0 4 1 0 9 5
2 6 26 42 1.348 907 171 72 0 88 2 279 6 2 132 1 0 2 67 0 3 0 70 0 0 2 1 1 2 6
2 6 26 43 1.109 750 173 84 0 49 1 203 3 1 113 0 0 7 47 0 8 0 55 0 0 1 0 0 5 0
2 6 26 44 901 530 129 41 0 43 0 140 8 0 58 0 0 7 51 0 2 0 46 0 0 0 0 0 2 3
2 6 26 45 871 539 108 47 0 36 0 176 3 2 77 0 0 1 50 0 5 0 26 0 0 0 1 0 7 0
2 6 26 46 1.392 830 162 65 0 80 1 213 7 4 120 1 1 5 81 0 9 0 59 0 1 1 3 1 15 1
2 6 26 47 1.377 882 191 63 1 68 0 245 2 3 149 0 0 1 79 0 3 0 63 0 0 1 2 2 6 3
2 6 26 48 827 502 114 46 0 57 3 143 3 0 61 1 1 2 28 0 4 1 29 0 1 1 1 0 6 0
2 6 27 49 1.426 855 208 68 0 65 1 226 6 3 128 0 0 5 60 0 8 0 70 0 0 0 0 1 5 1
2 6 27 50 1.129 651 128 58 0 63 0 145 5 2 101 0 0 6 60 0 7 0 65 0 0 0 1 1 4 5
2 6 27 51 1.325 747 177 51 0 68 6 175 2 5 126 1 0 1 63 2 5 0 54 0 1 5 0 0 4 1
2 6 27 52 1.279 822 199 82 0 98 0 208 6 2 117 0 0 4 49 0 3 0 44 0 0 3 1 0 4 2
2 6 27 53 1.303 832 159 64 2 78 1 267 6 9 94 0 0 0 62 0 14 0 62 0 0 1 2 0 6 5
2 6 27 54 1.331 852 212 73 0 97 0 220 8 1 105 0 0 2 51 0 2 1 67 0 0 0 1 0 7 5
2 7 28 55 1.358 877 176 92 1 88 0 265 5 1 105 0 0 4 67 0 11 2 47 1 0 0 0 0 10 2
2 7 28 56 1.082 658 141 75 0 49 0 205 6 3 60 0 0 5 48 0 6 2 43 0 0 0 2 0 11 2
2 7 28 57 922 628 116 80 0 47 0 217 2 3 78 1 0 1 35 2 3 0 34 0 0 0 0 0 7 2
2 7 28 58 1.048 683 117 71 1 54 1 253 4 1 83 0 0 1 42 0 2 2 33 0 0 0 0 0 11 7
2 7 28 59 1.238 803 146 79 0 84 1 305 3 2 86 0 0 0 44 0 3 0 36 0 0 0 0 0 7 7
2 7 28 60 1.214 797 147 75 0 65 0 296 3 3 89 0 0 0 54 0 4 0 46 0 0 0 0 3 10 2
2 7 29 61 915 587 135 40 1 62 1 164 3 2 73 1 0 1 55 0 7 0 34 1 0 0 0 0 4 3
2 7 29 62 1.086 727 135 83 0 67 0 239 2 1 90 0 0 4 25 0 8 0 54 1 0 1 1 0 11 5
2 7 29 63 886 608 74 56 1 58 5 246 1 0 54 0 0 0 81 0 0 0 23 0 0 0 0 0 6 3
2 7 29 64 989 688 138 50 0 55 0 299 2 1 51 0 0 0 46 0 4 0 32 0 0 0 1 0 9 0
2 7 29 65 1.298 820 179 65 0 94 2 247 4 3 99 0 0 0 47 0 7 4 56 0 1 0 1 0 7 4
2 7 30 66 1.385 895 174 92 0 82 3 282 4 4 113 0 0 2 51 0 7 0 69 0 1 0 0 0 6 5
2 7 30 67 1.144 741 187 74 2 60 0 193 11 1 79 0 0 10 49 0 4 0 53 0 0 0 0 0 12 6
2 7 30 68 1.182 747 179 80 1 73 0 214 6 2 88 0 0 1 44 0 4 0 42 0 0 1 1 0 8 3
2 7 30 69 985 667 110 68 2 70 1 211 3 2 73 1 0 1 57 0 2 0 57 0 0 0 0 0 4 5
2 7 31 70 939 653 121 83 0 69 1 203 5 2 53 0 0 0 71 0 5 1 27 0 2 1 2 0 6 1
2 7 31 71 1.265 911 183 91 2 98 1 303 9 4 94 0 0 2 68 0 1 0 46 1 2 2 0 0 2 2
2 7 31 72 869 552 95 35 0 69 3 190 4 1 54 0 0 2 49 0 0 0 41 0 2 0 0 0 5 2
2 7 32 73 1.147 734 178 74 0 66 1 229 8 0 83 0 0 4 44 0 2 0 36 0 0 0 1 0 6 2
2 7 32 74 794 519 122 54 0 56 3 164 1 1 42 0 0 0 28 0 3 1 36 0 0 0 0 0 3 5
2 7 32 75 817 523 114 57 0 56 0 134 4 3 74 0 0 4 37 0 3 0 31 1 0 1 0 0 0 4
2 7 32 76 1.112 735 138 65 0 65 1 279 2 2 84 0 0 2 46 0 1 0 43 1 0 0 0 0 5 1
2 7 33 77 981 562 93 31 1 77 2 209 1 3 45 1 0 2 61 0 3 0 25 1 0 0 0 0 5 2
2 7 34 78 913 581 92 29 1 91 1 196 5 1 50 1 0 0 67 1 1 1 37 0 0 1 0 0 3 3
2 7 34 79 874 520 80 37 0 70 3 189 1 1 45 0 0 2 52 0 4 0 30 0 0 2 1 0 3 0
2 7 35 80 1.058 664 91 49 0 76 4 258 5 1 63 0 0 3 61 0 2 0 41 0 0 1 1 0 6 2
2 7 35 81 1.508 993 147 71 0 136 4 364 4 2 91 0 0 0 112 0 6 0 45 1 0 0 0 0 7 3
2 7 36 82 679 411 56 32 0 42 1 176 1 3 34 0 0 2 42 0 2 0 16 1 0 0 0 0 2 1
2 7 36 83 1.172 765 85 38 0 114 5 313 4 2 56 0 0 2 105 0 3 0 32 0 0 0 0 0 4 2
2 8 37 84 1.436 921 189 77 0 77 8 319 6 3 97 1 1 4 58 0 10 0 57 1 0 1 0 0 11 1
2 8 37 85 1.023 647 115 40 2 72 3 226 5 3 69 0 0 3 53 0 1 0 48 1 0 0 1 0 5 0
2 8 37 86 982 633 117 43 1 74 1 215 6 3 58 2 1 7 53 0 6 0 30 0 0 1 1 0 8 6
2 8 37 87 1.017 662 110 56 0 87 3 224 7 1 54 0 0 2 60 0 9 0 32 0 0 0 0 0 13 4
2 8 38 88 1.190 770 141 55 0 59 1 313 1 3 76 0 0 0 63 0 2 0 39 1 0 0 1 0 12 3
2 8 38 89 1.337 833 190 68 1 104 0 266 7 2 73 2 0 2 48 0 7 0 43 0 0 2 2 0 11 5
2 8 38 90 1.141 689 168 66 0 62 5 181 6 3 79 0 0 0 65 0 5 0 36 0 0 0 2 1 8 2
2 8 39 91 1.249 774 192 75 1 90 1 207 1 3 86 0 0 0 38 0 11 0 55 2 1 0 0 1 7 3
2 8 39 92 1.224 744 184 74 1 74 1 197 7 1 82 0 0 1 57 0 2 0 53 0 0 1 2 0 1 6
2 8 40 93 1.155 724 158 63 0 63 3 204 5 2 97 0 0 2 63 0 2 0 50 0 0 0 0 0 10 2
2 8 40 94 1.080 688 168 66 0 56 2 223 2 2 82 0 0 0 46 0 3 0 30 0 0 1 0 1 5 1
2 8 40 95 1.072 678 126 56 0 88 0 195 6 4 88 0 0 1 53 0 3 0 52 0 0 2 1 0 3 0
2 8 40 96 1.021 603 142 52 0 52 0 168 4 2 76 0 0 0 45 0 6 0 50 0 0 0 0 0 3 3
2 8 40 97 760 475 97 53 0 42 0 130 4 2 62 1 0 7 34 0 4 0 31 0 0 1 0 1 6 0
2 8 41 98 1.101 624 118 53 0 50 3 198 8 1 91 0 0 2 45 0 5 0 37 0 0 0 1 0 6 6
2 8 41 99 1.078 662 116 53 1 61 5 233 5 3 78 1 0 0 54 1 5 0 38 0 0 1 0 1 4 2
2 8 41 100 1.070 708 114 55 0 75 0 234 8 5 105 0 0 3 56 0 2 0 40 0 0 0 2 1 6 2
2 8 41 101 1.551 919 168 57 3 74 2 361 4 2 91 0 0 2 81 0 4 0 48 1 0 1 2 2 12 4
2 8 42 102 1.073 735 122 56 0 79 2 282 6 2 75 0 0 0 66 0 8 0 26 1 0 2 0 0 7 1
2 8 42 103 1.220 743 149 54 1 83 0 227 9 2 89 0 0 5 63 0 9 0 43 0 0 0 1 0 4 4
2 8 42 104 851 557 87 28 1 51 3 234 2 2 61 0 0 1 44 1 3 1 37 0 0 0 0 0 1 0
2 8 42 105 1.451 894 158 67 2 120 0 283 6 0 92 0 0 7 67 0 4 1 71 0 1 1 0 3 11 0
2 8 43 106 1.002 636 121 35 0 65 5 242 3 5 56 0 0 2 55 0 1 0 38 0 0 2 1 0 5 0
2 8 43 107 1.261 877 112 57 0 104 2 350 0 2 85 0 0 1 95 0 5 0 46 2 0 0 0 0 9 7
2 8 43 108 1.211 790 116 30 0 100 0 312 2 3 47 0 0 0 109 0 2 0 54 0 0 0 0 0 12 3
2 8 43 109 1.476 980 111 49 0 163 2 390 4 1 56 0 0 1 130 0 2 0 62 0 0 1 0 0 8 0
2 9 44 110 1.293 809 129 54 1 114 7 282 7 2 73 0 0 3 69 1 7 0 45 0 0 0 0 0 12 3
2 9 44 111 1.302 766 152 47 0 109 3 240 3 0 62 0 0 2 84 0 2 0 46 1 0 2 2 0 9 2
2 9 44 112 1.048 694 90 30 0 101 3 275 4 3 61 0 0 5 67 0 1 0 43 0 0 1 1 0 4 5
2 9 44 113 1.502 1.001 140 64 2 101 6 361 5 1 130 0 0 5 93 0 5 0 73 0 0 0 3 0 6 6
2 9 44 114 1.278 817 153 53 1 93 1 290 3 1 101 0 0 1 60 0 4 1 40 1 3 1 0 0 9 1
2 9 45 115 982 620 118 53 2 53 0 199 4 2 77 0 0 0 52 0 9 1 42 0 0 0 0 0 8 0
2 9 45 116 802 573 85 35 0 58 0 212 4 4 63 0 0 0 51 0 2 0 49 0 1 1 0 0 8 0
2 9 45 117 906 604 97 47 1 56 2 222 2 2 69 1 0 0 55 0 1 0 41 0 0 0 1 0 5 2
2 9 45 118 1.131 736 132 72 0 89 1 250 4 1 60 0 0 2 50 0 5 1 50 1 1 0 1 0 12 4
2 9 45 119 1.012 695 146 69 0 69 0 201 3 2 89 1 0 0 59 0 3 0 41 0 2 2 0 0 5 3
2 9 45 120 913 594 122 40 1 65 0 169 5 2 76 1 0 0 40 0 1 0 59 0 0 1 3 0 8 1
2 9 45 121 940 628 127 45 1 64 6 205 4 3 67 0 0 4 51 0 3 0 42 0 0 0 0 0 2 4
2 9 45 122 836 535 74 26 0 81 0 181 3 1 72 0 0 1 38 0 4 1 47 0 0 0 1 0 5 0
2 9 45 123 825 510 96 37 0 42 7 162 3 5 70 0 0 0 40 0 5 0 35 0 0 1 0 0 5 2
2 9 46 124 914 599 94 37 0 76 1 221 2 3 76 0 0 4 40 0 3 0 33 0 1 1 1 0 4 2
2 9 46 125 1.300 841 124 64 2 99 3 280 9 5 92 0 0 0 73 0 7 0 65 3 0 0 3 0 11 1
2 9 46 126 1.212 786 138 60 2 98 5 217 3 2 108 0 0 2 90 0 3 1 51 0 0 1 0 0 4 1
2 9 46 127 793 455 94 23 3 51 0 135 2 0 63 1 0 4 37 0 4 0 29 0 0 1 1 0 7 0
2 9 46 128 932 528 121 43 0 47 0 141 4 2 51 1 0 1 43 0 1 1 57 1 2 1 0 1 8 2
2 9 46 129 1.169 728 158 48 2 86 0 184 5 6 88 0 0 3 90 0 2 0 43 0 0 2 0 0 6 5
2 9 47 130 906 643 119 58 0 73 1 203 4 0 75 0 0 1 58 0 3 0 39 0 0 0 0 0 8 1
2 9 47 131 865 535 123 37 1 61 0 128 2 1 74 0 0 1 38 1 1 1 54 2 0 0 2 0 7 1
2 9 47 132 890 533 110 34 0 72 3 123 2 1 72 0 0 1 50 0 7 0 46 1 0 0 2 0 9 0
2 9 47 133 713 497 64 19 0 95 1 125 4 0 38 0 0 1 104 0 3 0 37 0 1 0 2 0 1 2
2 9 47 134 1.083 696 157 53 2 69 0 182 7 2 87 0 0 5 67 0 3 0 47 0 3 1 0 0 9 2
2 9 47 135 1.502 849 236 68 0 61 0 215 7 3 117 0 0 0 45 0 5 0 74 0 0 2 0 0 14 2
2 9 47 136 693 443 85 29 1 56 0 112 6 0 64 0 0 2 39 0 5 0 34 0 0 1 0 0 7 2
2 9 48 137 1.003 607 158 54 0 47 0 163 1 0 72 0 0 2 38 0 9 0 53 0 0 0 0 0 5 5
2 9 48 138 1.447 963 136 65 1 106 6 349 1 2 131 0 0 1 78 0 4 0 57 0 0 2 1 0 16 7
2 9 48 139 1.142 618 136 48 0 69 1 161 7 0 67 0 0 5 56 0 9 1 46 0 0 2 1 0 3 6
2 9 48 140 1.468 941 206 81 0 91 1 307 6 0 115 0 0 4 62 0 5 0 47 0 0 4 0 1 6 5
2 9 48 141 905 535 134 26 0 55 3 154 9 4 71 0 0 0 43 0 6 0 25 0 1 0 0 0 2 2
2 9 49 142 1.416 845 220 85 0 90 2 189 7 1 87 0 0 4 79 0 11 0 58 0 0 0 0 0 10 2
2 9 49 143 907 574 114 54 1 52 0 171 8 1 91 0 0 2 34 0 0 0 36 1 0 2 0 0 3 4
2 9 49 144 1.066 693 157 80 2 51 2 216 5 2 69 0 0 2 58 0 1 0 41 0 0 0 2 0 4 1
2 9 49 145 879 505 121 58 0 49 1 135 2 0 60 0 0 0 32 1 3 0 32 0 1 1 2 0 4 3
2 9 50 146 859 547 150 55 1 45 0 134 2 2 73 0 0 2 44 0 3 0 30 0 0 0 0 0 3 3
2 9 50 147 1.574 993 258 85 0 75 4 287 6 2 116 2 0 6 48 0 10 1 75 0 0 1 2 0 11 4
2 9 50 148 1.179 773 207 61 0 62 2 196 2 2 91 1 0 1 54 0 3 0 68 0 0 2 1 1 15 4
2 9 50 149 1.261 794 208 62 0 64 3 200 8 2 105 0 0 4 49 1 6 0 73 0 0 3 0 0 4 2
2 10 51 150 1.021 585 152 69 1 51 1 121 2 1 81 0 0 2 51 0 3 0 44 0 0 0 1 0 4 1
2 10 51 151 1.014 614 152 65 1 59 0 153 6 3 90 0 0 1 34 0 4 0 39 0 0 1 1 0 4 1
2 10 51 152 994 640 136 48 2 49 0 190 2 2 96 0 0 1 48 0 1 0 55 0 0 0 1 0 9 0
2 10 51 153 1.024 650 132 39 2 57 0 199 6 0 83 0 0 1 58 0 7 0 58 0 0 1 0 0 5 2
2 10 51 154 686 417 128 29 0 53 1 75 2 2 49 0 0 3 32 0 3 0 29 0 0 0 0 0 3 8
2 10 51 155 1.381 868 211 70 0 75 1 226 5 4 133 0 0 1 61 0 12 0 54 1 0 2 1 1 5 5
2 10 51 156 987 602 136 40 1 53 2 168 4 0 64 1 0 1 49 0 3 0 67 0 1 0 1 0 10 1
2 10 51 157 825 517 125 32 3 32 0 151 6 0 65 0 0 2 44 0 6 0 42 0 0 0 0 2 4 3
2 10 52 158 1.265 833 195 79 1 73 1 224 4 2 113 0 0 2 66 1 6 0 51 0 2 4 1 0 5 3
2 10 52 159 1.294 853 204 80 1 75 3 261 4 1 118 0 0 2 48 0 8 0 40 0 1 1 1 0 5 0
2 10 52 160 1.461 944 192 89 0 63 0 297 9 6 136 0 0 5 53 0 9 0 72 0 0 0 3 0 6 4
2 10 52 161 816 502 103 62 0 52 2 132 5 2 71 0 0 2 21 0 2 1 41 0 0 1 0 0 5 0
2 10 52 162 1.012 584 151 50 1 44 0 173 3 1 49 1 0 3 41 0 3 0 53 0 0 2 0 0 8 1
2 10 53 163 1.322 800 178 75 1 73 2 213 3 2 124 0 0 2 50 0 8 1 59 0 0 0 1 2 5 1
2 10 53 164 941 568 160 62 0 44 0 149 6 3 66 0 0 3 22 0 3 0 45 0 0 0 0 0 2 3
2 10 53 165 1.186 699 178 80 1 50 0 174 5 0 80 2 0 6 53 0 14 0 46 0 0 2 0 0 6 2
2 10 54 166 1.443 914 256 96 0 72 1 200 8 1 127 0 0 2 51 0 6 0 83 1 0 1 0 0 6 3
2 10 54 167 1.547 944 216 70 2 79 1 284 10 3 133 1 0 5 51 0 6 1 69 0 0 0 1 0 10 2
2 10 54 168 1.544 963 276 97 0 76 0 223 7 2 131 0 0 5 47 0 11 2 64 0 0 4 1 0 10 7
2 10 55 169 1.123 658 184 71 0 58 1 142 4 0 77 0 0 6 45 0 6 1 46 0 0 3 0 0 10 4
2 10 55 170 1.173 707 197 69 1 49 1 153 4 1 83 0 0 7 51 1 7 1 67 0 0 1 0 0 10 4
2 10 55 171 1.126 658 170 60 0 51 0 166 6 2 88 0 0 0 48 0 2 0 53 0 0 1 3 0 6 2
2 10 55 172 1.113 651 198 66 0 45 0 140 8 2 97 0 0 3 33 0 4 0 45 0 0 1 1 1 6 1
2 10 55 173 1.152 675 177 59 0 48 3 151 8 3 98 1 0 8 37 0 2 0 60 0 0 0 3 1 15 1
3 11 56 1 1.198 599 185 0 0 48 1 150 3 2 64 0 2 3 66 0 10 0 51 0 0 0 0 1 10 3
3 11 56 2 1.330 764 223 78 4 63 0 131 6 3 97 1 0 1 42 0 16 1 79 0 0 0 1 0 13 5
3 11 56 3 993 517 172 53 0 30 0 102 11 1 63 0 0 5 28 0 3 0 36 2 0 3 0 4 2 2
3 11 56 4 1.099 655 204 46 0 58 0 117 8 1 89 0 0 1 67 0 3 1 52 1 0 1 0 0 3 3
3 11 56 5 875 488 154 45 0 28 0 105 1 0 60 0 0 4 36 0 4 1 41 0 0 3 0 0 5 1
3 11 56 6 880 486 158 52 0 30 2 76 4 1 63 0 0 7 39 0 6 0 42 0 0 2 0 0 2 2
3 11 56 7 1.097 570 160 54 3 48 0 107 3 1 64 1 0 0 63 1 4 0 49 0 0 2 3 2 2 3
3 11 56 8 785 415 140 38 0 25 0 88 5 0 61 0 0 1 22 1 0 2 26 0 0 0 0 0 6 0
3 11 56 9 839 463 139 50 2 32 0 88 5 0 65 0 0 0 38 0 5 0 35 0 0 0 0 0 1 3
3 11 57 10 1.108 582 178 56 2 37 0 100 4 1 85 1 0 7 42 0 3 2 51 0 0 5 3 1 3 1
3 11 57 11 1.026 550 183 60 1 32 0 76 6 0 71 0 0 1 33 0 8 1 72 0 0 0 0 0 2 4
3 11 57 12 1.348 713 238 72 1 58 0 123 6 2 94 0 0 3 36 0 5 0 62 0 0 2 0 0 6 5
3 11 57 13 1.101 589 284 44 0 33 0 62 1 2 65 0 0 8 17 0 6 0 53 0 0 4 0 0 9 1
3 11 57 14 1.065 543 215 47 2 38 0 77 6 1 56 0 1 2 25 0 7 0 54 1 0 3 0 0 4 4
3 11 57 15 1.805 935 311 105 0 79 1 146 14 0 117 0 0 2 64 0 13 0 67 0 1 2 1 2 8 2
3 11 57 16 663 348 121 15 0 27 0 67 3 1 35 0 0 1 19 0 0 1 51 0 0 2 1 0 4 0
3 11 57 17 963 445 176 42 2 22 0 67 6 0 59 0 0 1 18 0 2 0 46 0 0 1 1 0 1 1
3 11 58 18 1.103 552 154 45 1 26 0 91 4 2 82 0 0 0 52 0 7 1 71 2 0 4 0 0 9 1
3 11 58 19 907 448 158 39 0 36 0 69 6 0 40 0 0 0 32 0 4 0 58 1 0 0 0 0 5 0
3 11 58 20 909 532 141 26 1 47 1 92 13 4 58 0 0 3 62 0 3 0 71 0 0 1 0 1 3 5
3 11 58 21 880 501 129 28 2 61 0 89 8 1 54 0 0 1 55 0 5 0 56 0 0 0 0 0 9 3
3 11 58 22 939 515 173 41 2 71 0 79 5 0 53 0 0 1 36 0 3 0 39 0 0 4 2 0 6 0
3 11 59 23 1.208 603 214 67 0 30 0 69 8 2 74 0 0 5 29 0 7 0 89 0 0 4 1 0 4 0
3 11 59 24 1.240 662 253 52 2 39 0 84 7 0 93 2 0 1 34 0 12 0 75 0 0 2 1 0 5 0
3 12 60 25 858 302 114 3 5 34 0 25 4 2 13 0 0 0 26 0 10 1 62 0 0 0 1 0 2 0
3 13 61 26 813 481 162 12 3 55 0 48 2 0 20 1 0 1 80 0 4 0 86 0 0 1 1 0 3 2
3 13 61 27 1.317 765 278 21 2 130 0 63 7 5 43 0 0 4 92 1 4 0 91 1 0 5 1 0 15 2
3 13 61 28 1.523 939 328 66 0 142 0 118 13 1 93 0 0 4 60 0 6 2 96 0 0 1 0 0 4 5
3 13 61 29 989 547 246 15 2 34 0 37 2 1 42 0 0 1 46 1 3 0 106 2 0 3 2 0 1 3
3 13 61 30 1.201 704 235 36 0 90 2 71 3 1 53 1 0 2 71 0 10 1 113 0 0 2 1 2 10 0
3 13 62 31 1.911 1.053 448 44 5 139 0 90 3 1 64 0 0 5 78 0 7 1 150 0 0 0 6 0 9 3
3 13 62 32 1.082 530 236 17 0 66 1 53 6 0 33 0 0 3 41 0 4 0 61 0 0 0 1 0 5 3
3 13 62 33 922 407 120 11 0 47 0 31 1 0 33 1 0 1 46 0 6 0 100 1 0 0 1 1 7 0
3 13 62 34 1.190 630 220 23 2 75 0 66 5 0 68 0 0 2 44 0 8 1 104 0 0 0 1 1 5 5
3 13 63 35 1.789 1.056 370 50 1 136 1 101 10 1 64 0 0 2 130 1 7 0 149 1 0 6 3 0 19 4
3 13 63 36 1.746 1.085 324 52 4 168 1 179 6 4 132 0 0 9 80 0 14 1 87 2 0 0 3 1 9 9
3 13 63 37 848 509 174 39 1 70 5 45 10 6 43 0 0 2 46 0 5 2 56 0 0 0 1 0 3 1
3 13 64 38 807 386 185 9 2 33 1 26 1 2 20 1 0 3 32 0 1 0 62 0 0 1 2 0 1 4
3 13 64 39 1.567 766 306 18 6 85 2 33 17 1 34 0 0 5 89 1 10 0 144 0 0 7 1 1 2 4
3 14 65 40 1.243 730 222 55 1 93 0 127 9 2 70 0 0 7 67 0 5 1 61 1 0 2 1 0 3 3
3 14 65 41 966 540 156 30 1 60 0 105 7 2 44 1 0 1 54 0 10 0 57 0 0 1 1 0 7 3
3 14 65 42 957 582 156 59 4 59 0 119 5 0 73 0 0 3 36 0 9 0 50 0 1 2 0 0 1 5
3 14 65 43 1.165 617 182 39 0 67 1 109 8 3 89 3 0 5 54 0 0 1 49 0 0 0 0 0 3 4
3 14 65 44 1.246 694 208 51 2 79 0 123 7 1 84 1 0 3 66 0 5 1 51 0 0 0 0 0 12 0
3 14 65 45 778 466 160 45 1 46 0 65 3 0 56 0 0 1 33 0 4 0 43 0 0 2 0 0 4 3
3 14 65 46 1.149 749 217 68 0 92 0 113 4 1 99 1 1 2 62 0 3 0 76 0 0 2 1 1 6 0
3 15 66 47 1.263 692 177 90 1 54 0 137 5 1 88 0 0 4 58 0 10 0 57 0 0 2 0 0 7 1
3 15 66 48 1.028 680 165 58 0 54 3 150 9 1 106 0 1 3 52 0 9 2 50 0 0 3 1 0 8 5
3 15 66 49 1.195 765 208 69 1 78 0 173 9 2 101 0 0 6 42 0 11 1 55 0 0 0 0 0 5 4
3 15 66 50 1.147 710 174 81 0 55 1 159 9 1 110 0 0 6 45 0 5 1 46 1 1 3 3 0 6 3
3 15 67 51 1.188 600 178 72 0 39 1 93 5 2 100 1 0 4 30 1 7 1 56 1 1 2 0 0 5 1
3 15 67 52 859 446 119 50 1 33 1 92 5 1 62 0 0 8 25 0 6 0 36 0 0 3 0 0 4 0
3 15 67 53 1.367 771 220 91 0 49 2 156 7 1 93 0 0 5 48 0 6 1 74 1 0 4 1 0 7 5
3 15 67 54 1.314 819 207 77 2 73 0 181 8 2 112 2 0 6 63 1 4 0 70 2 0 2 2 0 4 1
3 15 67 55 1.169 681 178 49 0 79 0 134 5 4 97 0 0 7 44 0 2 0 66 2 0 0 1 0 7 6
3 15 67 56 644 403 82 26 1 50 0 94 4 0 63 0 0 0 41 0 1 0 29 0 0 2 3 0 3 4
3 16 68 57 1.183 726 191 79 0 53 0 127 1 2 133 0 0 1 48 0 4 3 73 0 3 1 1 0 3 3
3 16 68 58 1.044 652 164 68 0 44 1 137 8 3 109 0 0 3 36 0 8 1 63 1 0 1 1 0 4 0
3 16 68 59 907 560 156 51 2 55 1 96 5 5 68 0 0 3 41 0 7 0 55 0 0 5 1 1 5 3
3 16 68 60 1.075 703 151 81 0 47 0 166 5 5 116 0 0 2 57 0 6 0 57 0 0 2 0 1 5 2
3 16 68 61 844 533 128 47 0 40 0 112 6 1 105 0 0 7 32 0 5 0 43 0 0 0 1 0 2 4
3 16 69 62 1.223 761 170 128 0 35 3 176 1 4 149 0 0 11 14 1 5 1 51 0 0 0 0 1 4 7
3 16 69 63 868 504 115 71 0 39 0 103 1 0 63 0 1 1 35 0 6 0 54 0 1 4 1 0 7 2
3 16 69 64 1.070 615 152 62 3 68 0 103 10 1 73 0 0 4 57 0 1 0 73 0 0 3 0 0 3 2
3 16 69 65 1.060 646 190 59 2 55 0 98 7 4 85 0 1 3 48 0 5 0 75 1 1 0 0 0 9 3
3 16 69 66 1.712 1.035 272 82 2 115 9 152 11 2 118 1 0 4 110 0 10 0 128 1 0 3 0 0 12 3
3 16 69 67 1.269 780 164 69 1 96 0 151 3 1 122 0 0 4 73 0 9 1 78 0 0 1 0 0 5 2
3 16 69 68 909 511 136 25 0 61 0 76 5 0 90 0 0 3 44 0 8 1 48 2 1 1 3 0 4 3
3 16 69 69 927 594 139 42 1 64 0 97 4 0 86 1 0 1 53 0 13 0 83 0 0 0 1 0 4 5
3 17 70 70 968 625 152 73 0 51 0 98 6 2 62 0 1 6 78 1 7 0 75 2 1 2 2 0 4 2
3 17 70 71 914 539 171 41 0 59 0 76 5 2 63 0 0 2 38 0 5 0 70 0 0 0 0 0 6 1
3 17 70 72 1.015 610 139 44 1 74 2 96 7 1 72 0 0 4 64 0 3 1 86 1 0 7 0 0 4 4
3 17 70 73 1.185 757 173 64 0 96 0 157 8 3 128 0 0 3 41 0 13 1 61 0 0 2 1 0 3 3
3 17 70 74 1.319 779 179 57 0 96 0 168 7 4 88 0 0 6 77 0 8 2 68 1 0 4 0 0 7 7
3 17 70 75 1.217 692 205 60 1 66 1 113 9 1 84 0 0 3 61 0 3 1 74 0 0 3 1 0 3 3
3 17 70 76 778 433 113 27 1 51 0 66 5 2 53 0 0 2 53 0 1 0 45 1 0 2 1 0 5 5
3 17 70 77 1.012 601 165 51 2 58 3 98 9 1 82 1 0 0 51 3 6 0 63 0 0 1 1 0 1 5
3 17 70 78 1.192 689 169 0 1 52 0 145 7 1 79 0 0 3 46 0 5 0 83 0 1 85 3 0 6 3
3 17 70 79 1.220 673 161 52 0 74 0 141 4 5 84 0 0 2 37 0 12 0 87 3 0 4 0 0 6 1
3 17 70 80 1.138 650 154 41 0 85 0 98 4 2 71 0 0 0 76 0 9 2 96 0 1 6 0 0 5 0
3 17 71 81 1.403 789 183 49 0 95 0 187 8 5 86 1 0 6 70 1 8 0 80 2 0 4 0 0 2 2
3 17 71 82 1.371 810 147 60 0 127 1 198 7 4 115 0 0 3 80 0 1 0 59 0 0 1 0 0 6 1
3 17 71 83 1.136 688 179 59 3 65 0 127 6 2 101 0 0 3 58 1 3 0 66 0 1 2 1 0 7 4
3 17 71 84 1.105 703 152 58 0 93 2 173 6 1 68 1 0 5 58 0 3 0 74 0 1 1 0 1 6 0
3 17 71 85 913 522 135 33 2 55 1 104 4 0 53 1 0 1 51 0 6 0 65 0 0 0 0 0 6 5
3 18 72 86 1.056 724 138 50 0 78 0 214 2 0 80 0 0 2 56 0 7 0 82 0 0 1 2 0 10 2
3 18 72 87 1.118 740 139 55 0 84 0 203 3 2 110 1 0 3 64 1 4 2 53 0 0 1 0 0 10 5
3 18 72 88 1.104 745 162 80 0 54 0 195 9 3 102 0 0 3 57 0 1 0 64 0 0 0 0 0 13 2
3 18 72 89 990 695 139 78 0 80 2 163 9 0 99 0 0 1 52 0 4 0 60 0 0 1 0 0 5 2
3 18 72 90 840 568 110 59 0 57 3 136 4 3 80 0 0 1 42 0 1 0 55 0 1 2 1 0 10 3
3 18 72 91 1.042 649 157 79 0 45 5 140 1 5 116 1 0 3 33 1 5 2 45 0 0 0 2 1 7 1
3 18 72 92 928 563 127 68 1 41 2 119 4 1 91 1 0 3 31 0 11 2 50 0 0 1 0 1 7 2
3 18 72 93 1.220 811 173 71 0 79 3 214 10 2 90 0 0 8 43 0 6 1 85 0 2 0 2 1 12 9
3 18 72 94 939 585 129 55 0 57 0 158 2 3 84 1 0 4 38 0 3 0 41 1 1 0 0 0 5 3
3 18 73 95 1.189 763 187 0 1 63 3 185 5 1 118 0 0 5 43 0 8 69 60 0 0 1 1 2 6 5
3 18 73 96 1.018 594 159 60 0 36 0 137 2 0 92 0 0 6 29 0 14 0 49 0 0 2 1 0 5 2
3 18 73 97 964 505 151 63 0 49 1 78 5 0 56 0 0 9 36 0 1 0 47 0 0 0 1 1 4 3
3 18 73 98 914 515 128 71 2 36 0 105 0 2 96 0 0 9 18 0 5 0 35 0 0 0 0 0 5 3
3 18 73 99 744 447 110 73 1 26 0 94 3 0 74 0 0 2 15 0 1 0 46 0 0 0 0 0 1 1
3 18 73 100 886 581 148 66 0 20 0 142 4 1 96 0 0 3 33 0 7 0 52 0 0 3 0 0 5 1
3 18 74 101 1.232 634 143 96 0 43 1 152 3 1 93 0 1 0 24 1 4 1 54 1 0 1 0 5 5 5
3 18 74 102 945 630 170 97 1 40 2 115 12 1 114 0 0 3 27 0 6 0 36 1 0 0 1 1 2 1
3 18 74 103 971 651 179 65 1 43 0 99 7 1 120 0 0 1 55 0 8 0 58 0 1 1 0 0 9 3
3 18 74 104 953 572 139 83 0 29 0 131 8 0 96 1 0 0 38 1 7 1 31 0 0 0 0 0 4 3
3 18 75 105 817 490 123 77 0 28 0 120 3 3 83 0 0 2 11 0 8 0 22 0 0 2 0 0 5 3
3 18 75 106 909 531 146 102 0 29 1 97 7 1 88 0 4 1 17 0 3 0 25 0 0 0 1 0 6 3
3 18 76 107 1.152 756 188 84 1 54 1 167 10 7 113 0 0 2 43 0 3 0 74 0 1 1 0 0 3 4
3 18 76 108 1.087 665 136 59 1 54 1 194 4 2 114 0 0 3 31 0 3 1 48 1 0 1 2 0 7 3
3 18 76 109 1.101 683 169 114 0 28 0 158 13 6 126 0 0 4 17 2 5 1 31 2 0 0 0 0 6 1
3 18 76 110 1.119 674 174 67 0 38 3 178 7 2 104 0 0 4 31 0 7 1 45 1 0 2 2 1 6 1
3 18 76 111 961 614 183 50 0 62 0 133 9 0 71 0 0 3 37 0 4 1 54 0 0 0 0 1 5 1
3 18 76 112 1.462 945 196 97 0 124 2 245 4 2 121 0 0 3 68 0 2 0 66 1 0 1 0 0 12 1
3 18 76 113 1.230 801 132 48 0 107 0 252 5 1 92 1 0 0 96 0 3 0 53 1 0 0 1 0 9 0
3 18 76 114 1.136 751 114 58 0 110 5 235 6 1 57 0 0 0 65 0 9 0 75 1 0 4 1 0 10 0
3 13 62 211 1.091 634 240 29 0 88 0 62 4 1 70 0 0 6 34 0 11 0 81 0 0 4 0 0 4 0
3 13 63 212 1.799 1.033 355 42 5 110 0 116 12 2 85 0 0 3 129 0 6 0 146 0 0 2 1 0 15 4
3 13 63 213 1.535 768 280 49 2 80 1 55 11 2 49 0 1 3 69 0 4 1 144 1 0 2 3 0 8 3
4 19 77 1 902 570 89 40 3 72 0 155 3 3 76 2 1 7 52 0 5 1 48 1 0 1 0 0 9 2
4 19 77 2 1.475 1.013 157 63 0 131 1 310 11 1 123 0 0 5 90 0 6 1 98 1 1 0 0 0 10 4
4 19 77 3 857 554 97 53 0 66 1 170 3 0 61 0 0 5 33 0 3 3 48 0 0 2 0 0 8 1
4 19 77 4 793 490 93 41 0 62 2 125 2 3 59 0 0 1 49 2 4 0 38 0 0 0 0 0 7 2
4 19 77 5 962 624 119 40 0 51 1 190 7 1 96 0 0 2 45 0 4 2 60 0 0 1 0 0 3 2
4 19 77 6 911 607 121 39 1 64 0 159 3 0 89 0 0 2 44 0 6 0 62 3 0 2 1 0 10 1
4 19 77 7 841 456 96 43 0 45 0 121 2 2 55 2 0 0 55 0 3 0 27 0 0 0 0 1 2 2
4 19 77 8 775 475 114 49 2 42 0 120 8 2 58 0 1 0 36 0 3 0 38 0 0 0 0 0 1 1
4 19 77 9 1.076 675 111 62 0 83 2 201 3 2 106 0 0 6 42 0 3 0 42 1 0 2 0 0 6 3
4 19 78 10 725 510 68 39 2 57 0 206 3 1 65 0 0 3 35 0 2 0 25 0 0 1 0 0 1 2
4 19 78 11 1.344 939 141 63 1 106 2 326 2 8 106 0 0 2 97 0 2 0 73 0 0 2 0 0 6 2
4 19 78 12 1.180 779 117 41 1 118 3 254 3 3 88 0 0 2 61 0 5 0 73 0 1 1 0 0 5 3
4 19 78 13 1.004 672 104 40 2 75 0 233 3 2 75 0 0 2 67 0 5 0 55 0 0 0 0 1 7 1
4 19 78 14 627 390 61 20 1 38 3 132 1 0 37 2 0 4 41 0 4 0 36 0 0 3 0 0 6 1
4 19 78 15 1.514 1.038 184 73 0 135 4 335 5 2 130 1 0 7 73 1 9 0 64 1 0 1 0 0 8 5
4 19 78 16 908 600 102 44 0 74 0 187 2 3 72 0 0 1 54 0 3 0 49 1 0 0 0 0 7 1
4 19 79 17 891 569 82 33 1 68 0 202 1 0 39 1 0 0 101 0 0 0 29 0 0 0 0 0 7 5
4 19 79 18 1.181 722 110 39 0 106 2 233 3 7 62 0 0 0 89 0 4 0 52 0 3 0 3 0 5 4
4 19 79 19 1.010 657 56 35 3 104 4 251 0 2 36 0 0 3 125 0 2 0 26 0 0 2 0 0 4 4
4 19 79 20 1.077 724 103 37 1 111 2 286 6 2 39 0 0 3 76 0 2 0 50 0 1 1 2 0 1 1
4 19 79 21 971 663 73 31 1 94 4 262 5 3 56 0 0 1 79 0 3 0 44 0 0 2 0 1 4 0
4 19 80 22 1.190 761 104 46 1 92 1 269 2 0 74 0 0 7 103 0 4 0 45 0 0 0 1 0 9 3
4 19 81 23 820 582 39 12 0 132 4 228 1 0 29 0 0 0 109 0 3 0 18 0 0 0 0 0 4 3
4 19 81 24 829 539 27 6 0 115 0 241 0 2 20 0 0 2 98 0 3 0 20 0 0 0 0 0 2 3
4 19 82 25 912 623 91 44 1 74 1 211 5 2 80 0 0 0 52 0 4 0 42 2 0 1 0 0 9 4
4 19 82 26 1.016 684 112 51 0 68 1 226 4 5 109 0 0 4 61 0 2 0 29 0 2 1 1 0 5 3
4 19 82 27 944 596 100 52 0 67 1 203 1 1 79 0 0 2 52 0 3 0 30 0 0 1 2 0 2 0
4 19 83 28 1.058 719 108 34 0 78 1 276 4 1 87 0 1 2 71 0 3 0 43 1 0 1 0 0 5 3
4 19 83 29 1.001 699 84 54 0 92 0 251 5 2 84 0 0 2 74 0 3 0 38 0 0 0 1 0 8 1
4 19 83 30 1.380 952 118 52 2 127 1 339 6 2 94 2 0 5 102 0 3 0 76 0 2 0 3 0 14 4
4 19 84 31 1.230 738 151 69 2 66 0 226 0 1 90 0 0 5 48 1 2 0 61 0 0 0 0 0 12 4
4 19 84 32 1.259 840 168 86 0 81 0 227 7 2 111 0 0 2 77 0 5 0 54 0 0 0 3 1 10 6
4 19 84 33 903 594 94 33 2 73 3 185 5 0 76 0 0 1 49 0 4 3 46 0 0 1 0 0 13 6
4 19 84 34 1.233 936 104 90 0 103 1 338 6 4 94 0 0 0 102 0 7 0 69 0 1 1 1 0 8 7
4 19 84 35 1.138 799 141 63 0 110 2 239 4 3 84 0 0 3 60 0 7 0 64 1 0 2 0 0 9 7
4 20 85 36 1.312 831 158 51 0 91 0 215 14 5 113 1 1 1 84 0 5 1 76 1 0 1 2 0 6 5
4 20 85 37 1.632 1.101 200 75 1 111 1 321 7 3 160 1 0 3 114 0 9 2 73 0 0 3 2 0 12 3
4 20 85 38 1.046 657 141 37 2 66 0 170 8 0 76 0 0 1 64 0 10 1 71 0 0 2 0 0 7 1
4 20 85 39 875 553 105 40 0 74 1 142 3 1 80 1 0 6 41 0 6 0 48 0 0 1 1 0 1 2
4 20 85 40 1.074 603 123 43 1 97 0 113 4 1 69 0 0 4 56 0 13 0 70 0 0 4 1 0 1 3
4 20 85 41 952 589 147 33 2 66 0 108 5 1 72 1 0 0 62 0 3 0 72 0 0 1 1 0 13 2
4 20 85 42 1.377 867 215 47 2 111 0 136 10 3 68 0 0 4 128 0 6 3 111 3 0 0 0 0 11 9
4 20 86 43 1.368 896 150 52 2 118 4 264 2 1 109 0 0 1 103 0 4 0 68 0 0 2 1 0 10 5
4 20 86 44 1.284 782 177 58 4 97 0 162 4 2 86 0 0 1 78 0 8 0 90 0 0 2 0 0 10 3
4 20 86 45 1.082 657 126 27 0 83 3 137 4 0 73 1 0 6 88 0 2 0 89 2 0 2 1 0 6 7
4 20 86 46 1.991 1.385 181 65 2 241 5 425 6 1 126 0 0 5 195 0 5 0 97 0 0 2 1 0 18 10
4 20 86 47 1.341 913 186 37 0 105 2 232 11 4 115 1 0 3 104 0 4 1 82 0 0 4 4 0 12 6
4 20 87 48 1.246 839 118 54 1 93 2 306 4 3 96 0 0 4 82 0 2 1 54 0 0 1 3 0 10 5
4 20 87 49 863 550 62 0 2 108 3 199 0 2 31 1 0 1 85 0 0 0 38 2 0 10 0 0 4 2
4 21 88 50 1.538 998 42 11 0 245 13 400 2 1 37 0 0 0 203 0 2 0 31 0 0 1 0 0 10 0
4 21 88 51 1.204 760 79 24 0 116 12 325 1 7 60 0 0 4 94 0 4 0 23 0 0 1 0 0 7 3
4 21 88 52 1.607 1.116 21 6 1 278 8 512 1 0 25 0 0 2 226 1 2 0 22 0 0 1 0 0 7 3
4 21 89 53 1.060 591 47 19 0 161 0 179 3 0 27 1 0 0 113 0 4 1 30 1 0 0 1 0 4 0
4 21 89 54 789 538 32 26 1 96 5 244 2 4 26 0 0 1 85 0 4 0 11 0 0 0 0 0 1 0
4 21 90 55 1.072 690 32 4 0 160 10 268 1 3 17 0 0 2 173 0 1 0 13 0 0 0 0 0 5 1
4 21 90 56 1.147 715 41 14 1 115 5 285 3 1 52 0 0 0 167 0 1 0 25 0 0 0 0 0 5 0
4 20 87 84 1.079 743 71 37 0 126 1 276 1 1 67 2 0 3 102 0 2 0 46 0 1 1 1 0 5 0
5 22 91 1 1.089 644 200 67 0 65 0 102 12 0 101 0 0 3 40 0 7 0 39 0 0 0 0 0 6 2
5 22 92 2 1.157 726 106 113 0 45 5 291 1 1 78 0 0 1 35 0 1 0 39 0 0 0 1 0 8 1
5 22 92 3 948 648 97 112 0 64 3 225 2 0 80 1 0 3 22 1 3 1 27 0 0 0 0 0 4 3
5 23 93 4 823 464 43 20 0 71 0 203 0 0 24 1 0 0 82 0 1 0 18 0 0 0 0 0 1 0
5 23 93 5 722 396 69 28 0 51 0 141 2 0 36 0 0 0 34 0 4 2 23 0 0 0 0 0 5 1
5 23 94 6 1.160 786 23 16 0 134 4 423 4 2 21 0 0 0 126 0 1 0 25 0 0 0 0 0 5 2
5 23 95 7 1.173 779 100 51 0 73 0 337 4 2 90 0 0 1 72 0 3 0 37 0 1 0 0 0 8 0
5 23 95 8 1.136 752 73 30 1 75 10 369 0 1 66 0 0 1 80 0 4 0 30 0 0 0 0 1 9 2
5 23 95 9 1.253 820 96 65 1 87 5 380 3 2 53 0 0 1 75 0 4 1 34 1 0 3 0 0 8 1
5 23 95 10 1.169 833 104 68 1 75 9 371 4 1 96 0 0 3 54 0 0 2 34 0 1 0 1 0 9 0
5 23 95 11 1.047 726 102 52 2 83 3 287 3 3 76 0 0 1 52 0 8 1 37 0 0 1 0 0 10 5
5 23 95 12 1.023 684 116 57 0 60 5 248 2 0 87 0 0 1 55 0 3 0 37 0 0 2 0 0 11 0
5 23 95 13 1.223 860 121 82 0 101 4 319 3 4 101 0 0 5 51 0 3 0 50 1 0 0 0 1 9 5
5 23 96 14 1.171 815 99 59 0 105 7 347 4 3 75 0 0 1 67 0 5 0 30 0 0 0 0 0 8 5
5 23 96 15 1.087 744 60 33 1 124 2 332 1 3 66 1 0 0 69 0 4 0 39 0 1 1 0 0 6 1
5 23 96 16 1.306 813 75 51 0 122 8 303 3 3 67 0 1 2 107 0 7 0 47 0 0 0 1 0 14 2
5 23 96 17 1.147 771 43 17 0 145 11 327 1 2 21 0 0 0 145 0 6 0 45 0 1 0 2 0 4 1
5 23 96 18 929 630 75 23 0 97 4 246 2 5 56 0 0 2 86 0 4 0 21 0 0 0 1 0 5 3
5 23 96 19 1.205 898 62 15 0 168 14 413 2 1 36 0 0 2 124 0 4 0 40 0 0 1 0 0 11 5
5 24 97 20 817 535 44 12 0 107 5 232 3 0 26 0 0 0 66 0 3 0 29 0 0 0 0 0 8 0
5 24 97 21 840 494 21 8 1 113 0 219 0 3 17 0 0 0 73 0 0 0 33 0 0 0 0 0 2 4
5 24 98 22 1.318 922 63 32 0 165 3 421 1 0 53 0 0 1 123 0 3 1 38 0 0 1 1 0 10 6
5 24 98 23 1.106 713 85 38 2 93 4 293 1 1 59 0 0 4 78 0 6 0 38 0 1 0 1 0 6 3
5 24 98 24 1.421 997 41 31 1 208 9 441 3 2 35 1 0 0 163 0 6 0 41 0 1 0 0 0 8 6
5 24 99 25 1.017 703 32 22 0 163 4 292 2 4 19 1 0 0 136 2 2 0 15 0 0 0 0 1 5 3
5 24 99 26 1.035 687 26 21 0 146 9 322 3 2 17 1 0 0 116 0 1 0 16 0 0 0 0 0 6 1
5 24 99 27 977 715 29 12 0 158 8 312 1 1 14 0 0 1 148 0 2 0 14 0 0 1 2 0 6 6
5 24 99 28 1.101 743 42 10 1 153 11 357 1 1 31 0 0 1 101 0 3 0 18 0 0 1 2 0 3 7
5 24 99 29 1.179 845 21 16 0 198 13 374 0 1 26 0 0 1 156 0 6 0 20 0 1 1 1 0 6 4
5 24 99 30 1.055 749 26 15 2 155 8 387 1 0 17 1 0 0 111 0 1 0 16 0 0 0 1 2 6 0
5 25 100 31 1.171 760 27 17 1 140 8 328 4 3 33 1 0 1 145 0 3 0 31 0 0 0 0 1 5 12
5 25 100 32 1.229 747 26 22 2 145 17 319 1 3 54 0 0 1 121 0 0 0 26 0 0 3 0 1 5 1
5 25 101 33 978 631 107 48 1 77 3 235 5 3 57 0 0 2 52 0 0 0 36 0 0 1 0 0 3 1
5 25 101 34 867 585 69 55 0 96 3 186 4 2 61 0 0 2 70 0 4 2 25 2 0 1 1 0 2 0
5 25 102 35 885 571 32 10 1 92 2 291 2 0 25 0 0 0 84 0 2 0 27 0 0 0 0 1 2 0
5 25 102 36 1.261 846 71 21 1 161 2 381 5 5 32 0 0 0 130 0 2 0 29 0 0 2 1 0 3 0
5 25 102 37 1.006 638 58 35 0 118 6 268 4 3 33 2 0 1 61 0 6 1 33 0 0 2 0 0 6 1
5 25 102 38 930 569 70 17 1 81 3 236 2 2 46 0 0 5 66 0 6 0 25 1 0 1 0 0 7 0
5 25 102 39 1.176 799 75 20 0 132 10 371 3 3 53 1 0 0 83 0 3 1 34 0 0 0 0 0 6 4
5 25 102 40 1.042 656 91 23 0 97 9 277 3 4 38 1 0 1 68 0 6 0 28 1 0 0 0 0 9 0
5 25 102 41 1.208 695 75 24 1 117 1 301 6 1 40 0 0 3 82 0 1 0 33 0 1 0 0 0 7 2
5 25 103 42 926 607 68 19 3 100 5 234 1 3 45 1 0 0 91 0 4 1 26 0 0 2 0 0 3 1
5 25 103 43 1.035 697 65 29 0 114 5 295 7 3 58 0 0 0 77 0 3 0 27 0 0 0 0 0 7 7
5 25 103 44 941 563 67 30 0 92 5 209 8 0 30 0 0 0 83 0 3 0 27 0 0 0 0 0 8 1
5 25 103 45 1.145 770 45 23 0 157 11 328 2 6 35 0 0 1 113 1 2 0 34 0 0 0 1 1 8 2
5 25 103 46 917 637 33 10 0 131 11 292 2 2 21 1 0 3 105 0 3 0 15 1 0 0 0 0 5 2
5 25 103 47 945 643 26 17 1 151 8 274 3 0 22 1 0 1 106 0 4 0 20 0 0 0 2 0 3 4
5 25 103 48 990 632 43 14 0 138 6 266 0 1 19 1 0 0 117 0 1 0 14 0 0 0 1 0 9 2
5 26 104 49 1.222 820 52 14 0 185 7 348 1 1 40 0 0 2 141 0 3 0 18 0 0 0 0 0 6 2
5 26 104 50 1.210 760 74 26 0 113 11 328 3 3 46 0 0 2 114 0 6 0 27 0 0 1 0 0 4 2
5 26 104 51 1.169 775 30 16 0 164 20 331 1 0 28 0 0 2 148 1 1 0 26 0 0 0 0 0 4 3
5 26 104 52 1.117 806 56 18 2 163 13 341 2 2 50 0 0 1 118 0 1 0 28 0 0 0 0 0 10 1
5 26 105 53 1.109 787 23 7 1 193 9 348 1 3 14 0 0 0 158 1 1 0 18 0 0 0 1 0 4 5
5 26 105 54 773 535 26 2 1 122 11 207 0 0 5 0 0 0 145 0 0 0 11 0 0 2 0 0 3 0
5 26 105 55 1.082 758 17 5 1 170 3 359 1 0 12 0 0 0 171 0 0 0 9 0 0 1 1 0 4 4
5 26 106 56 898 535 36 12 0 113 1 226 1 7 21 0 0 0 94 0 1 0 18 0 0 0 1 0 2 2
5 26 106 57 1.348 906 48 17 1 184 2 393 2 0 43 1 1 5 150 0 6 0 36 2 3 1 0 0 10 1
5 26 106 58 1.145 729 37 0 6 157 9 336 2 0 27 0 0 0 124 0 3 0 24 1 1 0 0 0 1 1
5 26 106 59 1.189 713 57 13 3 140 6 286 0 2 28 0 0 2 143 0 0 1 23 0 0 0 1 0 5 3
5 26 106 60 776 514 42 16 0 109 7 225 2 0 20 0 1 0 69 0 1 0 15 0 0 0 0 1 4 2
5 26 107 61 1.048 631 91 30 0 91 2 238 5 1 49 0 0 2 75 0 3 0 37 0 0 1 0 0 3 3
5 26 107 62 1.192 815 55 31 2 148 13 344 2 3 41 0 0 0 114 0 11 0 41 1 0 1 0 0 4 4
5 26 107 63 1.170 749 62 44 0 106 5 342 3 3 51 0 0 0 81 0 5 0 36 0 0 0 0 0 7 4
5 26 107 64 1.200 773 91 47 0 106 3 291 5 1 63 0 0 1 103 0 6 1 39 0 0 2 2 0 11 1
5 26 107 65 1.187 750 77 36 0 114 12 332 3 3 37 0 0 1 81 0 4 0 37 0 1 0 1 0 8 3
5 26 108 66 922 654 66 25 1 105 1 282 3 3 33 0 0 0 86 0 2 0 34 0 2 0 0 0 6 5
5 26 108 67 941 640 52 15 3 113 4 291 5 1 16 0 0 1 111 0 1 0 23 0 1 0 0 0 2 1
5 26 108 68 1.090 751 126 54 1 93 1 296 0 2 55 0 0 0 73 0 7 0 36 1 0 0 1 0 4 1
5 26 108 69 1.245 827 101 41 0 62 4 342 5 0 78 0 0 3 64 0 5 0 37 68 0 0 0 0 9 8
5 26 109 70 1.083 708 73 36 0 92 4 330 7 0 44 0 0 0 85 0 5 1 25 0 0 0 0 0 5 1
5 26 109 71 1.119 721 96 37 0 80 6 301 8 2 54 0 0 2 85 0 2 1 30 0 0 0 0 0 16 1
5 26 109 72 1.237 833 97 44 1 111 9 349 6 2 66 0 0 2 91 0 3 0 42 0 0 2 1 0 5 2
5 26 109 73 1.239 833 110 55 1 106 0 321 3 6 81 0 0 1 77 0 15 0 44 0 0 1 1 0 9 2
5 26 109 74 1.256 894 76 38 0 71 2 396 4 3 64 75 0 1 116 1 3 0 31 0 2 0 0 0 11 0
5 26 110 75 1.265 895 108 53 1 136 2 359 3 0 67 0 0 1 105 0 3 0 44 0 1 1 1 0 8 2
5 26 110 76 1.025 681 64 32 0 95 12 282 6 3 37 0 0 0 91 0 2 0 43 0 0 0 0 0 10 4
5 26 110 77 1.050 721 60 38 0 139 10 281 3 3 38 0 0 0 113 0 1 2 26 0 0 1 0 0 4 2
5 26 110 78 1.456 973 96 44 0 148 23 395 4 6 55 2 0 0 135 0 0 0 48 0 0 0 0 0 15 2
5 26 110 79 946 636 78 29 0 103 8 257 2 1 53 0 0 0 72 0 3 0 24 0 0 1 0 0 5 0
5 27 111 80 989 672 116 58 1 78 6 221 8 1 66 0 0 3 54 0 1 0 44 1 0 1 0 0 9 4
5 27 111 81 1.110 734 121 53 3 84 4 284 1 2 74 0 0 0 49 0 4 0 41 0 1 2 0 0 8 3
5 27 111 82 1.198 842 121 106 0 86 3 302 7 2 100 0 0 5 47 0 4 0 48 0 0 0 0 1 7 3
5 27 111 83 983 676 143 66 0 55 1 214 1 0 100 1 0 0 42 0 4 0 35 1 0 1 2 1 7 2
5 27 111 84 1.026 722 128 70 0 55 4 259 5 2 94 0 0 0 55 3 2 0 33 0 0 1 2 0 8 1
5 27 111 85 1.001 625 129 49 0 64 0 201 6 1 77 0 0 3 43 0 5 0 41 1 0 0 0 0 5 0
5 27 111 86 975 609 108 55 1 70 3 236 6 3 56 1 0 1 28 0 3 0 29 0 0 2 0 1 4 2
5 27 111 87 1.156 730 103 33 0 99 0 290 4 1 55 0 0 2 74 0 7 0 46 0 1 0 0 0 8 7
5 27 112 88 1.306 839 135 65 0 111 4 298 9 3 71 0 0 2 86 0 3 0 39 0 0 1 0 0 10 2
5 27 112 89 1.277 850 133 62 1 95 0 345 4 3 76 0 0 0 62 5 6 0 48 0 0 1 0 0 5 4
5 27 112 90 1.327 857 182 73 0 92 2 277 6 3 73 0 0 1 76 0 10 1 44 1 0 0 0 0 12 4
5 27 112 91 1.146 735 139 76 0 65 1 243 4 3 98 0 0 2 30 0 8 0 50 0 1 1 2 0 8 4
5 27 112 92 1.131 703 71 55 4 82 4 310 2 2 43 0 0 0 91 0 4 0 22 0 0 1 2 0 7 3
5 27 113 93 837 570 77 22 0 72 3 244 1 4 31 0 0 2 75 0 0 0 24 0 0 0 1 0 13 1
5 27 113 94 1.891 1.297 124 45 2 221 6 536 5 3 109 0 0 1 161 0 7 0 60 0 1 0 0 0 11 5
5 27 113 95 1.169 785 101 38 0 72 0 336 3 5 85 0 0 5 78 0 6 0 46 1 1 3 0 0 3 2
5 27 113 96 796 520 65 34 0 79 0 182 4 2 49 0 0 2 55 0 2 0 36 0 0 0 1 0 7 2
5 27 113 97 1.140 747 109 49 0 86 3 290 5 4 98 0 0 1 32 0 9 0 50 0 0 1 0 0 7 3
5 27 113 98 1.092 714 124 41 0 80 4 261 3 2 94 0 0 1 47 0 10 0 39 0 0 0 0 0 5 3
6 28 114 1 759 471 92 56 0 53 7 131 3 0 54 0 0 1 38 0 0 0 32 0 0 0 3 0 1 0
6 28 114 2 1.067 670 170 61 1 50 1 179 2 0 98 2 0 2 50 0 4 0 35 0 0 3 1 0 8 3
6 28 114 3 1.684 1.064 285 110 0 108 1 205 7 4 133 0 0 5 91 0 11 0 91 0 0 1 1 0 6 5
6 28 114 4 1.077 704 174 81 0 62 0 170 5 3 82 0 0 1 47 0 9 0 56 0 0 0 0 0 6 8
6 28 115 6 763 527 97 56 4 0 0 174 2 2 54 0 0 2 39 0 2 54 37 0 0 0 0 0 3 1
6 28 115 7 1.361 819 149 80 2 100 0 249 8 1 110 0 0 5 59 0 3 0 39 0 1 0 1 0 9 3
6 28 115 8 1.384 848 137 91 2 92 1 268 6 0 106 0 0 1 64 1 3 1 53 0 0 1 1 0 16 4
6 28 116 9 874 566 87 41 2 70 1 188 2 1 73 0 0 1 53 0 1 0 35 2 0 0 0 0 9 0
6 28 116 10 800 551 119 35 0 61 1 128 6 2 78 0 0 0 57 0 4 0 57 0 0 1 0 0 0 2
6 28 117 11 988 660 115 62 2 50 0 216 2 2 84 0 0 2 56 0 7 1 50 0 0 1 1 0 5 4
6 28 117 12 853 589 99 52 0 43 0 218 9 5 84 0 0 2 32 0 2 0 34 1 0 0 0 0 6 2
6 29 118 13 1.277 770 198 85 1 87 1 196 10 4 99 0 0 3 40 0 4 0 39 0 0 1 0 0 2 0
6 29 118 14 1.077 635 169 79 0 55 1 130 7 1 71 0 0 1 49 0 5 0 65 0 0 0 0 0 2 0
6 29 118 15 1.007 539 166 37 0 53 0 103 7 2 64 0 0 4 35 1 5 2 53 0 0 1 1 0 3 2
6 29 118 16 1.134 639 200 56 0 61 1 104 8 0 77 1 0 2 41 0 4 0 71 0 0 0 5 0 7 1
6 29 118 17 963 567 166 49 0 50 0 101 7 1 71 0 0 4 51 0 5 1 52 0 0 0 0 0 6 3
6 30 119 18 951 557 171 69 0 34 0 97 6 1 77 0 0 1 32 0 9 0 52 0 0 1 0 0 5 2
6 30 119 19 1.128 704 174 98 0 60 0 159 4 0 105 1 0 0 33 0 7 1 52 0 0 0 0 0 6 4
6 30 119 20 849 539 137 46 0 54 0 142 3 1 69 2 0 2 35 0 1 0 39 0 0 0 0 0 3 5
6 30 119 21 1.005 660 110 57 0 47 3 202 2 4 95 1 0 0 69 0 6 0 58 1 0 0 0 0 2 3
6 30 120 22 973 552 142 61 1 30 0 110 6 4 77 0 0 0 57 0 6 0 36 1 0 2 1 0 7 11
6 30 120 23 1.092 756 156 73 1 78 0 219 5 4 114 0 0 1 46 0 2 0 45 0 0 0 0 0 6 6
6 30 120 24 1.235 787 143 69 1 65 2 254 3 4 122 0 0 1 49 0 3 0 63 3 0 0 0 0 4 1
6 30 120 25 1.107 702 110 59 0 55 0 290 6 1 111 0 0 0 34 0 5 0 27 0 1 0 0 0 2 1
6 30 120 26 809 490 89 34 0 60 1 161 3 1 56 0 0 0 40 0 0 0 32 0 0 0 0 0 7 6
6 30 120 27 935 602 113 56 0 66 3 199 3 1 75 0 0 1 49 0 6 0 27 0 0 0 0 0 3 0
6 31 121 28 984 629 174 68 0 47 0 139 5 2 92 0 0 0 31 0 1 0 60 1 0 2 1 0 4 2
6 31 121 29 993 643 138 77 0 49 0 176 7 2 95 0 0 2 47 0 3 0 33 0 0 0 0 0 2 12
6 31 121 30 1.004 631 174 101 2 16 1 127 2 1 114 0 0 3 40 0 5 0 36 0 0 0 0 0 7 2
6 31 121 31 853 574 151 88 0 29 1 137 3 0 99 0 0 1 27 0 5 0 26 1 0 1 1 0 2 2
6 31 121 32 876 567 160 80 1 36 0 130 4 2 79 0 0 4 20 0 0 0 46 1 0 0 0 0 3 1
6 31 122 33 1.018 680 202 105 0 25 0 152 3 1 95 0 0 3 29 0 3 0 42 0 0 0 0 2 13 5
6 31 122 34 955 612 126 99 0 23 0 158 5 1 102 0 0 1 56 0 6 2 25 0 0 0 2 0 3 3
6 31 122 35 803 545 106 82 0 41 2 173 2 4 66 1 0 1 28 0 2 1 30 0 1 1 0 0 2 2
6 31 122 36 1.072 694 140 95 1 41 0 215 2 4 100 0 0 1 52 0 2 0 27 0 0 0 2 0 8 4
6 31 123 37 778 493 112 73 0 31 0 134 1 0 51 0 0 0 44 0 2 0 33 1 0 1 1 0 5 4
6 31 123 38 1.060 688 201 75 0 43 5 147 5 0 108 0 0 4 48 0 4 0 38 0 0 0 0 0 6 4
6 31 123 39 1.127 697 213 109 2 38 1 165 6 3 87 0 0 3 24 0 9 0 30 0 0 1 0 0 5 1
6 31 124 40 1.208 774 141 93 1 56 1 231 2 2 106 0 0 2 70 0 3 0 54 0 1 0 0 1 6 4
6 31 124 41 1.215 825 180 95 1 54 1 265 3 0 114 0 0 3 44 0 10 0 42 1 0 3 0 0 8 1
6 31 124 42 1.161 761 196 80 0 52 4 248 4 0 79 1 0 2 30 0 1 0 51 0 0 0 1 0 8 4
6 31 125 43 863 541 117 66 0 43 2 155 3 2 73 0 0 2 30 1 6 0 37 0 0 0 1 0 1 2
6 31 125 44 1.067 707 127 52 0 75 2 256 6 4 81 0 1 1 52 1 5 0 32 0 0 0 2 0 8 2
6 31 126 45 901 531 156 69 0 56 0 115 4 1 60 0 0 1 33 0 2 0 25 0 0 2 0 0 4 3
6 31 126 46 746 429 109 55 0 23 0 116 2 1 71 0 1 0 24 2 2 2 14 0 0 0 0 0 6 1
6 31 126 47 1.078 534 169 73 0 25 2 118 2 1 85 0 0 1 18 0 2 0 28 0 0 1 2 2 5 0
6 31 126 48 944 575 168 82 2 23 0 124 3 1 93 0 0 1 39 0 5 0 26 2 0 1 0 0 3 2
6 31 127 49 790 510 126 65 1 32 0 142 10 0 73 1 0 1 24 0 5 0 25 0 0 0 0 0 4 1
6 31 127 50 850 504 151 82 0 30 0 96 9 1 72 0 0 1 21 0 5 0 29 0 1 1 1 0 3 1
6 31 127 51 878 595 184 75 0 34 0 129 5 3 95 0 0 2 33 0 2 2 23 0 0 2 0 0 5 1
6 31 128 52 1.132 745 235 134 0 23 0 176 3 2 102 0 0 0 24 0 4 0 34 0 0 1 1 0 3 3
6 31 128 53 1.077 648 199 89 1 35 0 153 4 2 93 1 0 3 20 0 3 1 34 0 1 0 0 2 2 5
6 31 128 54 1.137 733 193 121 3 31 0 168 5 4 116 0 0 4 31 0 3 0 40 1 0 4 0 1 4 4
6 31 129 55 1.080 659 185 92 1 38 0 169 4 0 84 0 0 5 18 0 7 2 48 0 0 0 0 0 3 3
6 31 129 56 1.068 670 221 119 0 29 0 107 8 4 105 0 1 4 17 0 3 1 42 0 1 0 0 0 7 1
6 31 129 57 1.090 638 193 86 0 26 0 138 2 4 91 0 0 1 24 1 7 1 52 0 0 1 3 0 6 2
6 31 129 58 1.212 755 199 88 0 46 1 178 4 5 102 0 1 6 42 0 11 0 60 0 0 0 3 0 5 4
6 31 129 59 1.147 728 189 112 0 44 0 170 13 3 106 0 0 5 31 0 6 0 43 0 0 0 0 1 4 1
6 31 130 60 1.304 811 251 127 1 39 8 162 4 1 124 0 1 2 32 0 6 1 39 0 0 0 0 0 11 2
6 31 130 61 1.014 649 171 116 1 28 1 148 2 2 114 0 0 1 12 0 4 0 41 0 0 1 0 0 5 2
6 31 130 62 977 660 195 93 2 29 2 141 10 2 101 1 0 3 23 0 6 1 41 0 0 1 0 0 4 5
6 31 130 63 1.074 688 180 105 1 37 1 158 1 0 113 1 0 2 22 0 1 0 58 0 0 0 1 0 3 4
6 32 131 64 1.437 983 205 112 0 77 3 266 7 4 150 0 0 5 64 0 10 0 71 0 0 1 1 0 6 1
6 32 131 65 883 616 123 76 0 48 0 178 3 0 85 1 0 1 50 0 5 0 35 0 0 0 1 0 7 3
6 32 131 66 751 487 113 55 1 24 2 121 3 1 73 0 0 1 43 0 7 0 35 1 0 0 0 0 6 1
6 32 131 67 1.303 818 200 86 2 76 1 193 2 5 138 0 2 9 47 0 5 1 38 0 1 3 1 0 5 3
6 32 131 68 1.130 712 155 69 0 56 0 236 6 2 92 1 0 0 34 0 9 1 37 1 0 0 3 0 7 3
6 32 131 69 843 517 126 64 0 46 1 130 4 5 60 0 0 9 19 0 1 0 42 1 0 1 0 0 7 1
6 32 131 70 1.357 818 190 74 0 62 1 219 2 2 125 0 0 5 55 0 9 0 60 0 0 0 1 0 9 4
6 32 132 71 808 549 106 38 0 50 2 157 6 2 79 0 0 0 46 0 3 1 46 0 0 2 1 0 8 2
6 32 132 72 1.276 860 200 58 0 87 0 270 7 3 117 0 0 7 39 0 6 0 54 0 0 0 0 0 9 3
6 32 132 73 1.087 730 184 70 0 52 1 195 8 2 106 0 0 1 42 0 2 0 59 0 2 0 0 2 4 0
6 32 132 74 794 510 101 53 0 46 0 158 2 1 70 0 0 2 38 1 2 0 30 0 0 0 0 1 5 0
6 32 132 75 879 639 129 66 0 59 0 209 2 1 95 0 0 3 22 0 4 0 43 0 0 0 0 0 5 1
6 32 132 76 1.017 749 151 81 1 49 2 246 2 1 104 1 0 0 51 0 1 0 48 0 1 1 0 0 7 2
6 32 133 77 913 565 141 76 1 44 0 132 5 2 72 1 0 9 36 1 3 0 36 0 0 0 1 1 4 0
6 32 133 78 954 621 152 83 0 41 4 145 6 1 106 0 1 8 25 0 4 1 39 0 0 0 0 0 3 2
6 32 133 79 851 555 146 60 1 52 0 136 3 1 63 0 0 0 41 0 2 0 41 2 0 3 0 0 1 3
6 32 133 80 894 571 116 69 0 55 0 168 4 1 65 0 0 5 38 0 1 0 43 0 0 1 1 0 3 1
6 32 133 81 980 641 157 64 0 60 0 168 2 0 95 2 0 4 34 1 6 0 30 0 0 1 1 2 6 8
6 32 134 82 1.373 942 221 99 1 74 1 237 6 2 156 1 1 1 58 1 4 0 65 0 1 1 0 0 7 5
6 32 134 83 1.358 945 176 113 0 89 0 292 4 8 132 0 0 2 58 0 5 0 54 0 0 1 1 0 7 3
6 32 134 84 1.116 760 164 80 1 41 2 199 10 3 120 0 0 4 49 0 10 0 57 1 0 1 0 1 13 4
6 32 134 85 953 700 118 61 0 48 0 239 6 3 109 0 0 3 47 0 7 0 52 0 0 0 1 1 3 2
6 32 134 86 777 547 88 49 0 37 0 202 10 3 82 0 0 2 31 0 6 0 23 0 0 0 1 0 13 0
6 32 134 87 1.563 1.113 226 92 1 96 0 336 8 5 159 0 0 3 97 0 4 2 64 0 1 3 3 0 12 1
6 32 134 88 956 663 145 90 0 54 0 171 0 0 113 0 0 3 28 0 3 1 47 1 0 0 0 0 6 1
7 33 135 1 1.266 761 172 69 0 69 0 222 4 3 102 2 0 4 54 0 1 0 49 1 0 0 1 1 3 4
7 33 135 2 903 586 144 63 0 65 0 137 4 0 65 1 0 2 37 0 4 1 52 0 0 0 3 0 6 2
7 33 135 3 932 625 157 63 0 36 0 185 3 2 77 0 0 3 41 0 2 0 44 0 0 1 0 4 4 3
7 33 135 4 1.091 665 165 58 1 54 0 151 8 2 79 0 0 6 53 0 9 1 63 0 1 2 1 1 8 2
7 33 135 5 1.149 670 149 55 2 79 0 165 1 0 91 0 0 2 58 0 3 0 48 0 0 2 1 0 9 5
7 33 135 6 782 517 118 42 1 60 0 113 2 2 83 0 0 4 37 0 5 1 43 0 0 2 0 0 3 1
7 33 135 7 1.124 614 144 67 0 66 0 170 5 4 69 0 1 4 36 0 2 2 39 0 0 0 0 0 3 2
7 33 135 8 1.145 730 189 56 3 58 0 173 3 1 93 0 0 1 59 0 2 2 79 0 0 0 1 0 5 5
7 33 136 9 916 525 154 44 1 47 0 96 4 1 80 0 0 0 43 1 5 0 43 0 0 1 1 0 2 2
7 33 136 10 985 559 145 52 1 57 4 134 2 1 75 0 1 0 28 0 2 2 41 0 0 1 0 0 10 3
7 33 136 11 831 482 152 30 0 47 3 99 5 2 56 0 0 0 31 0 5 1 47 0 0 0 0 0 4 0
7 33 136 12 1.176 712 212 77 0 58 0 126 1 1 90 0 0 4 51 0 4 1 78 0 0 4 0 0 4 1
7 33 136 13 1.022 666 158 52 0 81 2 155 4 0 81 1 0 1 53 1 9 0 60 0 0 0 0 0 7 1
7 33 137 14 679 398 82 25 0 66 0 61 2 0 45 0 0 2 50 0 0 1 59 0 0 2 0 0 3 0
7 33 137 15 1.103 657 169 52 0 83 3 131 11 1 78 0 0 1 45 0 4 0 68 0 0 0 1 0 7 3
7 33 137 16 1.040 678 139 70 0 82 2 151 3 2 93 0 0 1 52 0 2 0 71 0 0 1 1 0 7 1
7 33 137 17 1.218 737 166 79 1 70 2 159 6 1 117 0 0 1 56 0 9 0 58 0 0 1 0 0 6 5
7 33 137 18 1.167 657 134 70 3 50 1 187 5 1 102 0 0 0 48 0 4 0 42 3 0 2 0 2 1 2
7 33 137 19 1.109 703 149 68 0 48 2 207 1 1 128 0 0 2 36 0 4 0 47 0 0 0 1 0 7 2
7 34 138 20 1.107 717 152 68 0 78 0 169 5 5 89 0 0 3 45 0 8 1 75 0 0 2 0 0 10 7
7 34 138 21 832 536 148 48 1 54 0 88 4 1 60 0 0 2 43 0 9 0 64 0 0 0 4 0 6 4
7 34 138 22 881 488 129 37 3 58 0 76 2 1 53 0 0 3 24 0 1 0 93 1 0 1 1 1 2 2
7 34 138 23 945 505 163 27 1 66 0 52 6 0 65 2 0 4 26 0 5 0 78 0 0 2 0 0 7 1
7 34 138 24 1.071 611 183 62 0 63 0 113 8 1 71 0 0 2 41 0 6 1 47 0 0 0 1 0 10 2
7 34 138 25 1.014 574 187 43 2 61 2 112 3 2 81 0 0 2 23 1 2 2 43 1 1 1 1 0 4 0
7 34 138 26 837 509 124 39 2 34 3 147 3 2 51 0 0 1 24 0 4 0 63 0 0 1 1 0 8 2
7 35 139 27 1.390 894 256 84 0 90 2 179 3 1 115 0 0 0 70 0 11 2 68 0 0 0 0 0 7 6
7 35 139 28 1.044 602 197 66 0 63 2 93 3 2 70 0 0 4 22 0 6 0 60 0 0 0 0 0 2 12
7 35 139 29 1.012 573 136 65 1 45 0 116 7 1 81 0 0 5 52 0 5 0 55 0 0 0 1 0 2 1
7 35 139 30 972 509 126 47 0 52 0 96 5 3 61 1 0 2 42 0 3 0 58 0 1 1 1 0 4 6
7 35 140 31 1.158 601 179 74 2 55 0 102 3 0 91 0 0 4 42 1 5 1 32 0 0 3 1 1 1 4
7 35 140 32 992 625 176 82 0 66 1 101 0 1 76 0 0 3 48 0 4 0 53 1 0 0 2 0 8 3
7 35 140 33 1.084 727 191 79 0 48 2 168 6 5 84 1 0 2 42 0 6 0 69 0 1 2 2 0 13 6
7 35 140 34 1.194 791 206 84 0 57 0 187 3 2 109 0 0 3 42 0 7 0 79 2 0 0 1 0 7 2
7 35 140 35 1.359 895 220 97 3 74 0 217 7 1 134 1 2 5 44 0 5 0 64 2 0 0 1 0 12 6
7 35 140 36 1.072 674 144 69 0 70 0 156 2 2 113 0 0 1 41 0 3 1 60 0 0 3 1 0 5 3
7 35 140 37 1.101 725 175 71 6 69 0 129 3 1 106 0 0 0 69 0 3 1 81 0 0 2 1 0 4 4
7 35 140 38 994 628 169 48 0 59 1 86 3 1 93 0 0 2 76 0 9 0 71 1 0 0 0 1 6 2
7 35 141 39 1.172 695 187 77 0 53 0 143 10 5 114 0 0 2 34 0 7 1 52 0 0 0 1 0 5 4
7 35 141 40 1.109 692 201 59 0 53 0 139 3 1 91 0 0 5 49 0 7 0 71 0 0 1 1 0 8 3
7 35 141 41 946 544 155 57 2 51 0 118 1 1 69 0 0 1 32 0 3 0 45 0 0 2 1 0 4 2
7 35 142 42 1.154 661 181 77 0 60 0 119 2 2 61 0 0 8 63 0 6 0 71 0 0 0 1 0 10 0
7 35 142 43 1.014 626 155 71 0 48 4 139 7 1 74 0 0 3 55 0 4 0 59 0 0 1 0 0 5 0
7 35 142 44 1.024 652 140 53 0 60 0 196 3 0 77 0 0 0 63 0 4 0 43 0 0 1 1 1 7 3
7 35 142 45 1.111 658 172 53 0 64 0 176 3 2 81 1 0 2 43 0 1 2 48 0 0 0 0 0 7 3
7 35 142 46 1.038 598 174 51 0 47 0 106 5 3 81 0 0 2 52 0 12 0 52 0 1 4 0 0 5 3
7 35 143 47 1.064 616 181 61 2 51 1 107 5 0 94 0 0 2 56 0 2 0 46 1 0 2 1 0 4 0
7 35 143 48 907 565 128 46 2 56 1 130 4 0 71 0 0 3 49 0 3 0 62 1 1 1 0 0 4 3
7 35 143 49 939 567 150 49 2 56 0 120 4 2 73 0 0 1 44 1 6 0 53 1 0 1 0 0 2 2
7 35 143 50 829 484 112 48 0 56 0 110 1 1 69 0 0 2 31 0 2 2 43 0 1 0 1 1 3 1
7 35 143 51 1.265 691 195 65 2 58 6 118 4 1 99 3 1 3 61 0 5 0 56 0 0 1 0 1 6 6
7 36 144 52 1.033 646 127 74 1 45 0 176 3 2 97 0 0 0 48 0 2 0 58 0 1 0 1 0 9 2
7 36 144 53 1.158 744 199 80 1 71 2 174 6 2 90 0 0 3 54 1 3 0 45 0 0 0 0 0 7 6
7 36 144 54 1.172 775 160 85 1 57 0 222 6 1 108 0 0 1 57 0 3 0 63 0 0 2 0 0 7 2
7 36 145 55 938 654 100 53 1 85 0 218 7 0 89 0 0 1 39 0 2 0 42 0 0 2 0 0 12 3
7 36 145 56 927 551 166 47 0 57 0 90 8 1 67 0 0 2 42 0 8 0 54 1 0 4 2 0 0 2
7 36 145 57 1.131 723 200 52 0 76 0 134 10 3 88 0 0 3 62 0 1 0 83 0 1 2 0 1 4 3
7 36 145 58 1.094 694 197 59 1 76 0 105 4 1 99 0 0 1 54 0 8 3 75 1 0 1 0 0 4 5
7 37 146 59 997 467 144 36 1 58 1 46 3 1 40 1 0 0 50 0 5 1 68 0 0 4 0 0 6 2
7 37 146 60 1.404 670 279 39 1 64 0 50 9 2 40 0 0 0 50 1 10 0 116 0 0 0 1 1 5 2
7 37 147 61 963 556 173 23 1 92 0 43 9 0 30 0 0 4 50 0 5 3 119 0 0 1 1 0 1 1
7 37 147 62 936 558 234 12 0 67 4 29 6 1 40 0 0 0 47 0 6 1 95 0 0 3 0 1 12 0
7 37 147 63 1.119 535 212 18 3 65 0 29 3 3 16 1 1 1 36 0 5 0 130 0 0 2 1 0 7 2
7 37 147 64 1.255 634 227 36 1 71 0 34 2 2 20 0 0 1 71 1 6 0 143 1 0 7 3 0 7 1
7 37 147 65 1.202 551 178 28 2 73 0 29 2 1 19 0 0 1 61 0 7 1 126 1 0 6 1 3 5 7
7 37 147 66 1.269 623 212 19 3 85 0 39 7 1 38 0 0 1 68 0 18 1 118 1 0 4 0 0 6 2
7 37 147 67 1.080 559 165 35 2 65 1 35 6 3 29 0 0 0 77 0 15 1 108 0 0 0 2 1 8 6
7 37 147 68 872 453 176 21 0 60 0 28 12 0 18 3 2 1 40 1 4 0 81 0 0 1 3 0 0 2
7 37 147 69 1.057 545 167 21 2 79 0 22 2 2 20 0 0 0 61 0 10 1 145 0 1 1 1 2 6 2
7 37 147 70 1.019 551 220 24 0 64 1 60 6 3 26 0 0 1 48 1 2 0 86 0 0 1 0 0 5 3
7 37 148 71 1.068 579 178 29 2 79 3 52 4 1 31 1 0 2 77 0 10 0 100 1 0 2 2 0 2 3
7 37 148 72 1.033 556 182 29 0 76 1 56 6 2 59 1 0 0 52 0 10 2 64 0 2 0 3 1 5 5
7 37 148 73 819 482 169 10 1 67 0 32 2 0 22 0 0 1 59 0 6 0 96 1 0 2 2 0 6 6
7 37 148 74 1.278 701 252 40 4 79 0 60 8 2 55 0 0 1 62 0 8 0 111 0 0 0 1 3 6 9
7 37 148 75 929 458 144 24 1 49 0 37 5 1 31 0 0 1 59 2 2 2 88 0 0 2 0 0 3 7
7 37 148 76 991 557 188 33 2 83 0 30 5 2 31 0 4 1 54 0 12 1 101 0 0 1 0 0 5 4
7 37 148 77 952 461 169 18 1 61 2 19 6 1 21 0 0 1 43 1 8 0 96 2 0 2 3 0 2 5
7 37 148 78 978 499 169 11 1 95 0 31 1 1 27 0 0 0 46 0 5 2 94 0 0 1 1 0 9 5
7 37 148 79 1.086 584 186 22 1 95 4 33 6 1 31 0 0 3 70 0 6 1 117 0 0 1 0 0 3 4
7 37 148 80 1.315 723 255 23 0 61 3 77 13 2 37 2 0 3 66 0 6 0 120 0 46 2 0 0 6 1
7 38 149 81 1.557 886 312 41 4 114 0 77 10 5 66 0 0 3 77 0 8 2 145 0 1 6 1 0 8 6
7 38 149 82 970 486 145 33 4 58 0 46 8 2 41 0 0 1 42 0 8 0 82 2 1 2 1 0 8 2
7 38 149 83 977 552 203 31 0 58 0 43 7 1 39 0 0 0 60 1 4 1 92 0 0 0 1 0 4 7
7 38 149 84 989 528 208 24 2 62 0 39 7 0 44 0 0 1 51 0 8 0 73 0 0 3 0 1 3 2
7 38 149 85 994 500 195 43 0 51 0 35 4 3 33 0 0 2 37 0 5 0 80 0 0 3 0 0 6 3
7 38 149 86 1.072 584 193 38 0 83 2 43 9 4 32 0 0 2 70 0 2 0 99 0 0 2 1 0 2 2
7 38 149 87 1.187 673 232 16 4 109 0 57 5 2 37 0 0 1 71 0 7 0 117 0 0 1 1 2 4 7
7 38 149 88 884 482 171 31 0 41 3 40 1 5 37 0 0 3 40 0 10 2 84 0 1 4 0 0 7 2
7 39 150 89 1.010 593 187 45 0 59 1 101 2 3 63 0 0 2 67 0 4 0 53 0 0 0 1 0 4 1
7 39 150 90 1.125 585 241 29 1 66 0 56 5 0 45 1 0 5 47 0 7 3 67 1 1 0 0 0 7 3
7 39 150 91 854 486 149 25 0 57 1 57 0 1 49 1 0 1 59 0 7 2 65 1 0 4 1 0 4 2
7 39 150 92 1.029 550 152 28 0 41 1 83 5 1 46 0 0 6 83 0 1 1 89 1 0 2 1 0 8 1
7 39 150 93 1.239 735 260 44 1 79 2 89 9 2 55 2 0 3 58 0 10 3 99 0 0 4 2 0 8 5
7 40 151 94 949 546 127 42 1 46 0 94 6 3 65 1 0 3 76 0 4 0 62 0 0 3 1 0 6 6
7 40 151 95 1.182 733 202 54 1 66 4 153 7 1 81 1 0 5 64 0 9 0 74 0 0 1 0 0 8 2
7 40 151 96 1.047 644 156 44 0 83 2 111 9 2 76 2 0 7 58 0 7 0 78 0 0 1 0 0 2 6
7 40 151 97 740 340 91 27 1 20 2 80 1 0 41 0 0 3 46 0 2 0 20 0 0 0 0 0 4 2
7 41 152 98 1.427 960 225 56 1 159 11 179 16 2 104 0 0 6 85 0 7 1 84 0 0 2 1 0 14 7
7 41 152 99 893 625 177 25 1 100 1 84 4 1 69 0 0 2 68 0 3 0 77 1 1 1 1 1 6 2
7 41 152 100 948 585 135 26 2 78 0 80 11 6 47 0 0 1 120 0 5 3 61 1 0 1 3 0 3 2
7 41 152 101 1.064 676 199 32 2 94 0 85 3 1 55 0 0 1 98 0 5 0 86 1 0 0 0 1 7 6
7 42 153 102 383 220 81 25 0 20 0 26 1 1 28 0 0 2 9 0 2 0 21 0 0 0 0 1 3 0
7 43 154 103 1.031 575 181 27 5 62 0 91 1 0 61 1 0 1 44 0 6 2 87 0 0 2 1 0 2 1
7 43 154 104 1.196 711 182 41 1 88 0 111 18 2 60 0 0 1 82 0 10 4 96 0 0 0 2 1 11 1
7 43 154 105 848 552 136 54 1 73 0 101 3 4 61 0 0 0 42 0 6 0 57 0 1 3 2 1 6 1
7 43 154 106 909 565 150 53 4 46 0 100 8 4 64 0 0 1 53 0 4 0 70 0 1 1 0 0 3 3
7 43 154 107 1.013 678 163 68 2 65 7 124 5 0 92 1 0 3 76 0 9 0 57 1 2 0 0 0 1 2
7 43 154 108 1.029 651 183 64 0 62 2 131 7 0 76 1 0 5 56 0 3 0 57 0 0 1 0 1 2 0
7 43 154 109 1.284 776 259 47 3 86 0 91 15 5 61 2 0 2 82 0 7 0 99 0 0 4 0 1 5 7
7 43 154 110 844 515 146 47 3 50 2 104 2 1 27 0 0 3 61 0 5 0 49 0 0 2 4 0 6 3
7 43 154 111 750 519 142 46 1 39 0 132 5 2 64 0 0 3 40 0 6 0 35 0 0 0 2 1 1 0
7 43 155 112 990 583 206 37 0 46 1 87 3 2 68 0 1 3 31 0 9 0 77 1 0 1 1 0 6 3
7 43 155 113 896 555 187 40 0 54 1 67 1 3 62 0 0 0 46 1 10 1 73 0 0 0 0 0 5 4
7 43 155 114 927 606 138 84 0 47 0 132 10 1 99 0 0 3 34 0 7 0 36 0 0 1 0 1 7 6
7 43 155 115 845 574 135 78 1 38 0 150 5 0 82 0 0 2 27 0 1 0 44 0 0 1 1 0 4 5
7 43 155 116 1.148 737 218 73 1 67 1 94 9 3 83 0 0 0 76 0 6 0 93 0 0 2 0 0 7 4
7 43 155 117 1.038 556 158 61 0 65 0 67 9 1 65 0 0 4 48 1 6 0 55 0 0 3 2 0 4 7
7 43 155 118 958 619 185 72 0 31 0 127 5 0 91 0 0 4 37 0 4 0 50 1 1 0 0 0 8 3
7 43 156 119 869 491 141 37 0 42 0 94 6 0 64 0 0 0 43 0 4 1 48 0 0 1 0 0 3 7
7 43 156 120 965 566 147 56 2 74 0 95 3 2 41 0 1 3 67 0 6 0 53 1 0 0 0 0 6 9
7 43 156 121 890 489 120 39 0 32 2 117 4 1 72 1 0 1 48 0 1 0 48 0 0 3 0 0 0 0
7 43 156 122 1.051 607 144 51 0 59 0 116 1 2 68 0 0 0 73 0 11 0 62 0 0 6 2 1 10 1
7 43 156 123 1.065 645 203 65 0 62 0 115 3 2 85 0 0 1 48 0 2 0 47 0 0 5 0 0 6 1
8 44 157 1 1.022 621 215 35 3 69 0 43 5 1 44 0 0 2 76 0 5 2 105 0 0 0 1 2 11 2
8 44 157 2 986 633 174 45 1 67 2 128 4 1 84 0 0 3 42 0 8 0 62 0 0 1 0 1 5 5
8 44 157 3 982 635 186 41 3 64 2 88 7 10 71 0 0 1 58 0 3 0 83 0 0 3 2 0 11 2
8 44 157 4 1.039 624 156 40 0 80 0 118 3 2 62 0 0 6 62 0 5 0 79 0 0 3 0 2 4 2
8 44 157 5 898 544 143 32 6 73 1 71 2 5 49 0 0 8 65 0 3 0 71 1 0 2 0 0 7 5
8 44 157 6 1.091 673 210 35 1 63 0 120 3 3 78 0 0 5 74 0 11 1 65 0 0 0 0 0 3 1
8 44 157 7 982 649 193 29 1 95 0 76 7 1 56 1 0 2 91 0 2 0 77 0 2 0 2 1 5 8
8 44 157 8 1.248 776 237 52 0 86 0 122 8 3 74 1 0 7 77 0 6 0 90 1 0 4 0 0 6 2
8 44 158 9 1.247 740 252 45 4 67 0 101 6 9 77 0 0 2 53 0 13 0 92 1 0 1 1 0 13 3
8 44 159 10 871 530 114 40 0 78 0 86 7 2 54 0 0 0 59 0 6 0 75 1 0 0 1 1 5 1
8 44 159 11 920 605 162 27 2 88 0 108 4 5 56 0 0 1 62 0 5 0 74 0 0 0 2 0 9 0
8 44 159 12 1.007 609 143 31 0 77 0 105 1 1 63 0 0 5 75 0 3 0 87 0 0 0 2 0 13 3
8 44 159 13 900 615 146 28 1 84 0 129 4 5 80 1 0 3 47 0 7 1 64 0 0 4 0 0 7 4
8 44 159 14 894 515 133 34 2 58 2 91 2 3 69 0 0 0 57 0 5 1 48 1 0 1 0 0 4 4
8 44 160 15 973 559 149 20 2 53 4 79 4 2 57 0 0 3 90 0 9 3 74 0 0 3 0 0 1 6
8 44 160 16 879 521 142 35 0 56 0 98 5 0 61 0 0 1 51 0 3 0 55 0 1 1 0 0 7 5
8 44 160 17 1.088 680 195 44 0 74 1 94 5 1 86 1 0 3 66 0 8 2 91 1 0 0 1 0 3 4
8 44 160 18 1.188 694 181 44 2 91 1 101 4 0 77 0 0 1 64 0 9 2 105 0 0 0 2 0 6 4
8 44 160 19 1.255 726 200 51 0 98 1 101 4 4 73 0 0 0 73 1 15 3 87 2 0 0 3 0 6 4
8 45 161 20 981 569 165 39 0 52 3 88 4 4 63 1 0 0 51 0 10 1 85 0 0 0 0 0 2 1
8 45 161 21 1.077 619 158 35 4 87 2 65 7 1 52 0 0 1 94 0 5 1 83 0 0 0 3 0 9 12
8 45 161 22 986 622 166 36 5 84 0 85 11 1 68 0 0 1 61 0 5 0 85 1 0 1 4 0 3 5
8 45 161 23 998 557 169 37 0 57 0 93 2 1 53 0 0 1 47 0 7 0 77 0 0 2 0 1 8 2
8 45 161 24 1.039 622 173 31 2 71 0 110 8 0 45 2 0 1 63 0 9 0 94 0 0 3 3 0 3 4
8 45 161 25 842 542 185 29 1 48 0 73 5 0 42 0 0 2 67 0 5 0 73 0 0 0 1 2 6 3
8 45 161 26 980 578 181 40 1 52 0 67 6 2 55 1 0 2 69 0 8 0 75 1 1 1 0 0 9 7
8 45 162 27 1.015 612 208 23 1 91 1 50 2 5 38 1 0 4 72 0 4 0 107 0 0 1 0 0 2 2
8 45 162 28 884 478 142 18 1 57 2 46 6 2 46 0 0 1 53 0 6 0 90 0 0 1 1 1 5 0
8 45 162 29 1.125 594 169 35 0 63 4 68 6 0 69 1 0 3 49 0 4 1 113 1 0 2 0 0 4 2
8 45 162 30 1.023 609 201 35 0 84 0 63 6 1 51 0 0 0 46 0 5 1 98 1 1 7 2 0 5 2
8 45 163 31 1.014 609 172 27 1 88 0 79 5 3 52 0 0 0 62 0 3 1 104 1 0 0 2 0 1 8
8 45 163 32 1.041 645 230 18 2 97 1 60 12 5 54 0 0 6 63 0 1 0 79 1 0 3 4 2 4 3
8 45 163 33 1.037 559 188 17 4 64 1 65 7 0 37 0 0 0 75 0 2 1 87 2 0 2 1 0 5 1
8 45 163 34 855 466 141 18 1 60 0 45 1 0 28 0 0 1 68 0 3 0 86 0 0 4 1 0 6 3
8 45 163 35 1.210 637 212 20 2 67 0 62 5 1 48 1 0 6 91 0 10 0 98 0 0 1 0 2 2 9
8 45 163 36 1.062 533 167 25 3 57 0 42 5 2 31 1 0 2 86 0 3 2 90 0 0 2 3 0 5 7
8 45 163 37 1.096 637 205 22 3 93 0 52 7 1 41 0 2 3 104 0 4 1 90 0 0 0 0 0 6 3
8 46 164 38 1.027 563 178 35 0 72 1 71 5 1 55 1 0 2 59 0 1 0 63 2 0 5 1 0 9 2
8 46 164 39 1.062 618 203 26 0 70 0 65 5 3 45 0 0 3 72 0 5 0 101 0 0 7 2 1 7 3
8 46 164 40 1.132 503 182 20 0 0 0 54 4 2 51 0 1 5 59 0 10 1 97 2 0 1 0 2 8 4
8 46 164 41 1.325 585 207 27 0 79 0 52 8 0 41 0 4 1 56 0 9 1 86 2 0 2 0 1 4 5
8 46 164 42 1.013 646 180 17 0 79 2 91 7 1 43 1 0 2 95 0 2 0 122 0 1 1 0 0 1 1
8 46 164 43 935 496 148 23 0 59 0 59 8 3 34 0 0 2 47 2 12 0 86 3 0 1 0 0 7 2
8 46 165 44 968 447 143 25 1 52 0 44 6 1 44 0 0 0 48 0 1 0 76 0 0 1 1 0 4 0
8 46 165 45 1.145 559 172 23 1 63 0 77 11 1 35 0 0 0 50 0 8 0 104 2 0 2 3 0 5 2
8 46 165 46 1.014 508 155 28 1 47 0 70 5 1 52 1 0 0 58 0 10 0 72 0 0 1 0 0 6 1
8 46 165 47 978 464 158 18 0 48 0 49 2 1 34 0 1 1 58 0 2 0 88 0 0 2 0 0 1 1
8 47 166 48 809 330 131 22 2 27 0 20 6 1 31 1 0 4 20 0 5 0 54 1 0 1 2 0 1 1
8 47 166 49 972 488 179 45 1 35 1 45 4 2 37 0 0 2 27 0 14 3 78 0 0 5 3 0 7 0
8 48 167 50 1.178 720 228 44 0 101 1 72 2 3 69 0 0 3 83 0 3 0 99 0 0 3 0 0 9 0
8 48 167 51 997 613 196 27 0 100 2 84 8 1 29 2 0 1 63 0 4 0 87 0 0 2 2 0 3 2
8 48 167 52 732 480 140 16 0 47 1 59 4 0 53 0 0 10 65 3 9 0 66 0 0 1 1 0 4 1
8 48 167 53 896 599 170 20 0 89 1 59 1 0 37 0 1 3 107 0 10 0 72 1 0 2 0 0 26 0
8 48 167 54 1.351 882 248 32 3 112 1 109 5 3 78 1 0 1 132 0 8 1 129 0 1 2 0 0 12 4
8 48 167 55 1.547 1.056 320 35 2 191 4 107 11 2 60 0 0 0 157 1 10 1 140 0 0 2 1 1 5 6
8 48 168 56 1.166 718 249 37 0 82 0 100 9 1 54 1 0 3 65 0 3 1 101 0 0 2 1 0 5 4
8 48 168 57 1.050 579 168 27 0 56 8 81 7 3 65 0 0 3 60 2 3 1 72 1 1 0 1 0 10 10
8 48 168 58 1.273 761 258 38 2 78 2 70 10 2 41 0 0 1 78 0 14 2 154 0 1 2 0 0 6 2
8 48 168 59 816 451 148 17 1 76 1 45 7 0 28 0 0 1 52 2 10 0 56 0 0 2 0 0 4 1
8 49 169 60 1.024 628 184 14 2 127 4 37 11 3 46 3 0 0 85 0 6 0 85 1 2 2 2 0 10 4
8 49 169 61 1.335 812 323 19 6 96 3 46 10 3 56 1 0 5 58 0 7 2 160 0 0 2 1 1 9 4
8 49 169 62 1.038 665 252 21 5 95 4 36 10 0 34 2 0 0 74 1 5 2 117 0 0 1 0 0 4 2
8 49 169 63 985 643 245 13 0 114 0 47 2 0 35 0 0 2 94 0 4 0 77 0 0 0 1 0 8 1
8 49 169 64 1.387 783 323 40 0 97 0 46 14 3 29 2 0 1 43 1 10 0 159 1 0 1 1 0 7 5
8 50 170 65 1.126 516 222 14 1 80 0 15 11 0 27 1 0 1 37 2 4 0 91 0 1 0 0 0 5 4
8 50 170 66 1.027 447 162 13 0 64 2 24 5 1 25 1 0 2 40 0 5 1 95 0 0 3 1 1 0 2
8 50 170 67 1.146 630 254 24 1 104 0 33 4 0 24 0 0 2 66 0 3 0 99 1 0 4 4 1 1 5
8 50 170 68 1.209 568 182 25 6 69 2 28 6 1 26 1 0 0 54 0 16 0 139 1 0 2 1 1 4 4
8 50 170 69 1.008 491 190 11 3 56 2 28 3 0 17 1 0 3 47 1 2 0 119 4 0 4 0 0 0 0
8 50 171 70 909 439 147 9 4 65 1 19 7 0 26 0 0 2 35 0 3 0 107 1 0 2 2 0 3 6
8 50 171 71 1.152 562 193 14 0 92 0 15 9 3 29 1 1 0 53 1 8 0 125 0 0 4 0 0 10 4
8 50 171 72 849 492 209 17 0 61 0 26 10 2 28 1 0 0 40 1 4 3 80 0 0 2 0 0 2 6
8 50 171 73 1.095 462 188 14 0 55 0 28 6 1 26 1 1 2 33 0 6 0 85 0 1 3 2 2 4 4
8 50 171 74 920 461 166 20 3 51 0 26 6 1 23 0 0 3 41 0 8 0 97 0 0 1 2 1 6 6
8 51 172 75 1.305 704 292 31 0 107 1 52 7 1 32 0 2 2 58 0 4 0 99 0 0 5 0 2 6 3
8 51 172 76 1.165 668 242 19 1 102 1 51 3 0 30 0 0 1 90 0 2 0 115 0 0 0 4 1 3 3
8 51 172 77 1.092 429 140 10 3 65 0 30 4 0 22 2 0 2 37 0 6 1 93 0 0 2 2 0 3 7
8 51 173 78 1.056 508 208 28 2 5 0 35 0 0 43 1 0 0 55 0 6 1 108 0 0 2 6 0 5 3
8 51 173 79 930 438 150 19 1 57 0 18 7 1 23 0 0 2 47 1 4 1 102 0 0 0 1 0 1 3
8 51 173 80 1.058 605 214 25 0 77 0 36 9 3 29 2 0 2 58 0 5 1 121 0 0 3 3 1 8 8
8 51 173 81 978 529 191 27 2 63 3 39 4 1 28 0 1 3 50 0 6 0 102 1 0 2 1 0 4 1
8 51 173 82 1.145 583 212 12 1 87 0 56 3 2 25 1 0 0 60 0 5 0 101 1 0 6 4 0 4 3
8 52 174 83 893 494 177 15 2 63 0 48 5 0 22 1 0 4 63 1 3 0 76 0 1 2 2 0 8 1
8 52 174 84 857 473 149 14 3 62 0 52 4 2 24 2 0 1 52 0 6 0 91 0 0 0 3 0 4 4
8 52 174 85 1.012 596 238 19 4 77 0 34 2 1 37 0 2 0 62 0 10 3 98 1 0 2 0 0 4 2
8 52 174 86 1.181 657 257 16 3 69 0 55 8 1 32 0 0 1 99 0 6 0 99 0 0 0 0 0 6 5
8 52 175 87 939 549 222 18 0 65 2 29 6 1 24 1 0 3 77 0 6 1 89 0 0 0 1 0 4 0
8 52 175 88 907 504 191 22 0 65 2 37 1 1 44 0 0 0 55 0 1 0 81 0 3 0 1 0 0 0
8 52 175 89 916 455 150 13 0 76 0 41 4 2 27 0 1 1 51 0 3 0 77 0 0 1 2 1 2 3
8 52 175 90 907 509 154 18 3 71 0 40 11 1 42 0 0 2 59 1 3 0 94 0 1 2 1 1 5 0
8 52 175 91 906 557 215 13 1 68 0 32 2 5 37 1 1 3 64 0 1 1 101 1 0 1 4 0 3 3
8 52 176 92 791 515 192 10 3 57 0 46 5 2 27 0 0 1 67 0 5 0 88 0 0 1 4 0 3 4
8 52 176 93 921 536 215 21 0 61 1 36 7 0 26 0 0 0 67 0 2 0 91 0 0 0 2 1 0 6
8 52 176 94 1.194 737 276 20 1 100 0 41 4 3 38 0 0 0 120 0 4 0 122 2 0 1 1 0 1 3
8 52 176 95 869 583 208 29 3 85 0 54 6 1 37 0 0 1 48 0 5 1 96 0 0 3 0 0 4 2
8 52 177 96 1.075 584 218 16 0 91 0 28 9 2 33 0 1 2 62 0 4 1 106 1 0 1 1 0 6 2
8 52 177 97 963 534 231 14 1 71 0 32 8 3 18 0 0 2 48 0 7 0 83 0 0 2 2 2 7 3
8 52 177 98 906 471 181 10 2 66 0 25 3 0 19 0 0 2 53 0 3 0 90 0 0 4 0 0 10 3
8 52 177 99 974 564 229 23 0 81 0 34 3 0 42 2 0 4 43 0 3 5 83 1 0 2 2 0 4 3
8 52 177 100 912 498 194 21 0 69 0 37 2 0 22 0 0 1 42 0 3 1 97 0 0 4 1 1 3 0
8 52 177 101 1.300 760 324 26 4 46 0 57 9 3 41 0 0 1 85 0 11 2 137 1 0 2 0 0 4 7
8 52 177 102 979 562 199 17 0 64 0 60 5 0 24 2 0 4 67 0 4 0 93 0 0 3 3 1 8 8
8 53 178 103 956 401 163 13 1 50 1 29 2 2 19 1 0 5 19 0 9 0 72 0 0 5 0 0 6 4
8 53 178 104 878 391 158 17 0 37 0 21 5 4 34 0 1 1 40 0 2 0 59 0 0 4 1 0 2 5
8 53 178 105 1.116 559 219 24 0 61 2 52 9 4 40 0 0 2 57 0 3 3 79 0 0 2 0 0 2 0
8 53 178 106 799 370 145 6 0 48 0 34 4 0 20 1 0 3 35 0 3 0 62 0 0 3 0 0 4 2
8 53 178 107 1.338 566 221 21 4 73 2 41 8 2 19 1 1 4 51 0 13 2 92 1 0 4 0 0 3 3
8 54 179 108 1.072 470 194 9 2 61 0 22 4 0 30 1 1 1 58 1 3 1 75 0 0 3 0 0 3 1
8 54 179 109 733 249 86 7 0 39 0 9 1 2 4 0 0 1 21 0 1 0 73 1 0 1 0 0 1 2
8 55 180 110 1.051 422 177 4 1 43 2 15 5 0 11 2 0 1 49 0 4 2 103 2 0 0 0 0 1 0
8 55 180 111 976 473 153 4 0 64 0 19 10 1 13 0 0 2 64 0 9 0 123 1 0 4 1 0 5 0
8 55 180 112 948 460 168 5 0 61 2 27 2 2 18 0 0 0 43 0 5 0 112 2 1 4 0 0 2 6
8 55 180 113 1.011 506 176 12 3 63 3 28 3 4 9 0 0 5 56 0 8 0 122 0 0 5 1 0 3 5
8 55 180 114 1.180 575 225 15 2 82 1 24 5 3 13 1 0 2 54 0 2 3 123 1 0 6 1 0 10 2
8 55 180 115 951 532 167 11 2 87 1 40 3 0 26 1 2 0 55 1 5 0 111 0 1 5 2 1 2 9
8 56 181 116 915 432 174 20 3 35 0 24 8 2 26 1 0 1 50 0 9 0 72 2 0 0 0 1 3 1
8 48 167 215 1.068 618 209 35 1 82 2 75 2 2 62 1 0 5 50 1 7 0 77 0 0 0 0 0 4 3
9 57 182 1 1.291 554 177 7 0 59 0 46 6 0 32 1 0 0 42 1 13 2 154 0 0 4 0 0 6 4
9 57 182 2 1.179 552 184 22 3 98 1 34 7 1 16 1 2 0 37 0 14 0 118 0 0 7 0 0 5 2
9 57 182 3 1.289 623 215 13 0 78 1 31 9 4 33 1 0 2 52 0 13 2 156 3 0 5 0 2 1 2
9 57 182 4 1.053 551 181 15 0 104 0 18 7 1 20 0 0 3 58 0 7 0 124 0 0 0 5 0 5 3
9 57 182 5 1.112 642 210 32 1 102 0 68 5 2 42 0 0 1 39 0 11 0 118 0 0 1 0 0 9 1
9 58 183 6 910 361 139 4 0 44 0 27 3 0 21 1 0 5 18 1 10 1 77 1 0 2 1 0 2 4
9 58 183 7 883 420 153 10 0 42 0 17 9 0 52 1 0 7 27 2 7 0 84 0 0 5 0 0 2 2
9 59 184 8 1.175 805 250 55 0 126 1 136 4 1 95 1 0 3 39 0 6 0 69 1 0 0 2 0 14 2
9 59 184 9 1.048 588 216 35 6 80 1 57 5 0 46 0 0 2 43 0 3 0 83 1 0 2 1 1 4 2
9 59 185 10 1.455 836 349 22 6 89 0 79 4 1 42 1 0 5 64 0 13 0 152 0 0 0 0 1 4 4
9 59 185 11 1.354 627 256 17 2 70 3 47 6 0 55 1 0 0 45 1 9 1 106 0 0 3 0 1 3 1
9 59 185 13 1.218 566 238 13 6 47 1 48 12 0 39 1 0 2 47 0 4 3 96 1 0 1 3 0 3 1
9 59 185 14 1.239 567 192 18 1 59 0 42 4 1 30 0 0 2 58 0 6 2 133 0 0 1 1 0 14 3
9 59 185 15 1.240 648 251 22 6 68 1 25 14 3 47 0 0 5 66 1 11 0 112 0 0 1 0 1 10 4
9 60 186 16 1.178 798 291 63 1 80 0 103 5 3 96 0 0 3 55 0 10 0 79 0 1 1 0 0 5 2
9 60 186 17 1.102 662 178 62 2 73 1 130 8 2 79 0 0 0 43 0 6 0 63 1 0 5 3 0 5 1
9 60 186 18 1.184 760 251 41 2 89 0 93 10 1 85 0 0 6 54 0 8 0 107 2 0 2 0 1 5 3
9 60 186 19 1.885 1.268 416 81 8 190 0 134 22 6 143 0 0 7 63 0 12 3 157 1 0 7 1 2 7 8
9 60 186 20 936 659 132 74 0 53 0 156 3 0 102 0 0 0 46 0 6 0 74 0 0 2 1 0 8 2
9 60 186 21 1.099 741 197 78 0 56 0 166 3 3 104 0 0 4 39 0 8 1 69 1 2 0 0 0 5 5
9 60 186 22 974 661 137 76 0 41 0 176 7 2 122 0 0 1 35 0 3 0 51 0 0 2 0 0 6 2
9 60 186 23 956 695 174 82 0 46 0 127 10 8 116 0 0 4 35 0 10 0 69 1 0 1 0 1 10 1
9 60 187 24 920 622 188 64 0 46 3 127 6 1 86 0 0 5 30 0 0 0 53 0 0 0 0 0 10 3
9 60 187 25 908 574 187 60 0 45 0 83 8 0 85 0 0 2 36 1 10 0 45 0 0 0 1 0 9 2
9 60 187 26 1.229 805 229 73 0 105 0 124 8 2 99 1 0 1 65 0 1 0 80 0 0 0 1 1 10 5
9 60 187 27 1.165 763 250 73 0 117 1 86 9 3 70 0 0 6 52 0 6 0 79 0 0 2 1 1 4 3
9 60 188 28 1.149 791 260 39 1 125 0 80 12 2 104 0 0 1 66 0 5 1 88 0 0 0 3 1 2 1
9 60 188 29 936 600 191 30 0 94 0 72 6 1 63 2 0 0 63 0 4 0 68 1 0 0 1 0 4 0
9 60 188 30 1.100 726 222 38 1 121 0 112 5 1 68 0 0 3 57 1 4 0 85 2 0 0 0 0 3 3
9 60 188 31 862 589 191 30 1 87 1 68 6 1 80 0 0 3 41 0 6 0 62 0 0 0 0 0 10 2
9 60 189 32 1.346 746 265 52 0 112 1 67 7 3 76 0 0 5 57 0 4 0 84 0 0 0 0 0 7 6
9 60 189 33 2.454 1.453 461 73 10 252 3 130 6 4 143 2 1 8 119 1 19 1 184 2 1 5 6 3 12 7
9 60 190 34 1.115 704 206 46 0 79 1 82 9 3 74 0 0 1 85 0 6 2 103 0 0 2 2 0 2 1
9 60 190 35 1.237 747 228 64 2 84 0 88 11 0 80 1 0 5 59 1 5 0 113 0 0 0 0 0 4 2
9 60 190 36 1.176 789 259 34 4 116 0 76 16 2 76 1 0 1 94 0 8 0 92 0 0 1 1 1 5 2
9 60 190 37 1.108 665 219 36 2 84 1 65 6 7 55 1 0 3 81 0 8 0 83 0 0 1 3 2 6 2
9 60 190 38 1.223 825 233 51 0 84 5 126 7 3 123 3 0 4 63 0 14 0 92 0 0 1 1 0 4 11
9 60 190 39 1.261 776 258 59 0 104 12 104 9 2 90 0 0 4 42 0 10 0 74 0 0 3 0 0 2 3
9 60 191 40 1.132 688 196 71 0 47 2 136 7 2 87 0 0 4 40 0 13 2 63 0 1 0 0 0 12 5
9 60 191 41 1.110 727 216 73 0 52 0 151 8 1 120 1 1 6 29 0 9 1 47 1 0 1 1 0 7 2
9 60 191 42 990 648 188 70 0 0 0 117 5 1 121 46 0 2 35 0 3 0 44 0 1 5 0 2 4 4
9 60 191 43 1.033 630 147 60 2 69 0 128 4 3 96 1 0 8 36 0 4 0 58 0 0 0 0 0 7 7
9 60 191 44 1.168 784 204 144 0 49 0 136 6 0 124 0 0 8 34 0 7 0 55 2 0 2 0 1 7 5
9 60 191 45 1.115 686 174 65 1 62 0 133 8 0 118 1 0 5 44 0 6 0 58 0 0 2 0 1 5 3
9 60 192 46 1.045 705 236 73 0 56 0 120 2 0 108 0 0 6 27 0 4 0 68 0 0 0 0 0 4 1
9 60 192 47 1.172 771 196 126 1 42 0 170 4 2 121 1 0 2 46 0 2 0 49 2 0 1 0 0 5 1
9 60 192 48 1.077 722 184 66 1 70 0 140 11 2 98 0 0 1 47 0 6 0 80 0 0 2 2 0 4 8
9 60 192 49 987 597 157 55 1 75 1 121 4 1 55 1 0 0 51 0 3 0 66 0 0 0 1 0 1 4
9 60 192 50 1.245 856 224 81 0 74 0 170 4 4 116 0 0 7 45 0 9 0 103 3 0 0 1 1 9 5
9 60 192 51 962 614 156 65 0 56 0 124 5 4 82 0 1 3 32 0 6 0 69 0 0 1 0 0 6 4
9 60 192 52 930 612 170 64 0 51 1 113 5 0 94 0 0 1 39 0 9 0 52 0 0 1 0 1 6 5
9 60 192 53 1.222 828 206 73 0 88 1 192 8 5 108 0 1 4 59 0 3 1 64 0 0 1 0 1 8 5
9 60 192 54 917 590 149 43 0 54 0 176 5 1 71 0 0 2 31 0 4 0 40 0 0 0 1 0 8 5
9 61 193 55 1.266 737 214 55 1 75 2 155 3 1 111 0 0 6 40 0 8 1 56 0 0 1 0 1 3 4
9 61 193 56 986 630 180 35 1 91 1 86 6 2 49 0 0 1 93 0 8 1 73 0 0 0 0 0 2 1
9 61 193 57 1.161 716 189 56 1 79 0 128 0 1 88 0 0 7 58 0 5 2 86 0 0 2 1 4 3 6
9 61 193 58 1.021 675 196 60 1 74 0 109 7 3 101 0 0 8 37 0 10 0 49 1 1 2 1 0 11 4
9 61 193 59 1.054 684 175 57 0 91 0 109 8 4 79 0 0 0 77 0 9 0 66 0 0 1 1 1 4 2
9 61 193 60 1.062 669 196 49 0 91 2 91 4 6 69 1 0 2 77 0 7 0 61 1 0 0 1 0 8 3
9 61 194 61 1.220 795 250 57 2 99 3 101 16 4 93 0 0 2 66 0 4 0 89 0 0 3 0 0 5 1
9 61 194 62 811 491 131 37 0 59 0 67 5 2 80 0 0 3 37 0 1 2 56 0 1 2 0 0 5 3
9 61 195 63 892 591 206 44 2 64 0 78 6 1 60 0 1 1 41 0 7 0 62 0 1 1 0 2 10 4
9 61 195 64 998 678 195 48 1 79 2 105 9 1 88 0 0 3 64 0 5 0 68 0 0 1 0 1 5 3
9 61 195 65 1.558 1.036 293 51 0 162 0 156 9 3 116 0 0 1 91 0 11 1 125 1 0 1 0 0 11 4
9 61 195 66 1.099 723 178 56 0 87 0 116 5 2 119 0 0 2 53 0 4 0 83 0 0 0 1 0 13 4
9 61 195 67 1.055 674 206 49 2 81 3 102 4 1 87 0 0 2 52 0 5 0 70 1 0 0 1 0 6 2
9 61 196 68 1.224 793 223 51 1 97 0 138 11 0 90 0 0 5 67 0 4 0 79 0 0 2 4 1 13 7
9 61 196 69 734 440 111 23 0 47 0 82 3 1 58 0 0 2 55 0 2 0 45 0 0 0 0 0 7 4
9 61 196 70 1.266 687 208 45 5 66 0 80 8 1 51 0 0 5 97 1 8 0 96 0 1 2 3 0 5 5
9 61 196 71 1.370 828 232 48 0 102 2 133 7 2 82 0 0 1 89 2 7 0 99 1 0 6 1 0 9 5
9 61 196 72 1.053 575 163 34 1 68 0 63 2 2 55 0 0 1 71 1 2 1 96 0 0 2 2 1 5 5
9 61 196 73 1.252 846 254 57 1 128 0 98 13 1 76 1 0 1 99 0 6 1 100 0 0 2 0 1 5 2
9 62 197 74 1.227 776 207 64 2 53 3 144 11 3 122 0 0 2 61 0 8 0 81 0 0 3 0 0 7 5
9 62 197 75 1.094 685 200 59 0 64 1 125 7 1 67 0 0 1 52 0 4 1 97 0 0 0 0 0 4 2
9 62 197 76 1.086 645 194 63 0 40 2 124 5 2 93 0 0 0 40 1 5 1 64 1 0 3 1 0 4 2
9 62 197 77 1.183 752 210 73 0 50 3 163 5 3 87 1 1 0 53 0 4 0 90 1 1 0 0 0 3 4
9 62 198 78 1.055 670 165 55 3 54 0 159 5 0 99 0 0 2 45 0 12 1 54 1 0 2 1 0 5 7
9 62 198 79 1.206 780 176 65 0 76 0 186 3 4 102 1 0 3 80 0 6 0 72 0 0 0 0 0 4 2
9 62 198 80 1.023 645 175 80 0 57 0 138 3 3 74 0 0 3 27 0 2 0 77 0 0 0 0 0 5 1
9 62 198 81 1.290 734 222 54 2 74 0 125 9 6 83 0 0 3 49 0 9 1 87 1 1 1 1 0 5 1
9 62 198 82 1.366 810 242 74 0 79 0 159 6 3 110 0 0 2 47 0 7 0 68 1 0 2 0 0 8 2
9 63 199 83 1.223 763 189 74 0 71 1 147 7 6 106 1 0 0 64 0 2 0 81 0 0 1 0 1 9 3
9 63 199 84 1.276 824 213 76 1 71 2 202 4 0 85 1 0 4 64 1 2 2 79 1 0 0 1 1 6 8
9 63 199 85 1.246 776 174 63 2 68 0 199 7 1 101 1 0 1 49 0 12 1 83 0 0 1 0 1 11 1
9 63 199 86 1.018 646 157 64 1 71 2 144 5 4 90 0 0 2 36 0 4 2 43 1 0 1 0 0 15 4
9 63 199 87 982 669 153 39 0 77 0 162 7 0 102 0 0 2 53 2 8 0 55 0 0 3 0 0 4 2
9 63 199 88 1.446 930 243 65 1 92 0 183 3 2 131 2 0 3 83 0 12 1 81 0 3 5 0 0 12 8
9 63 199 89 1.124 775 169 49 0 73 6 185 10 1 89 0 0 6 74 0 8 0 88 0 0 5 1 0 9 2
9 63 200 90 1.195 728 199 56 1 87 0 122 4 0 96 0 0 4 62 0 8 1 75 0 3 3 1 0 5 1
9 63 200 91 1.416 898 270 46 2 118 5 159 9 1 111 0 0 2 69 1 1 1 83 1 0 5 1 0 12 1
9 63 200 92 1.541 982 280 53 1 130 1 161 6 7 94 1 0 4 77 0 7 3 143 0 0 0 0 1 7 6
9 63 200 93 1.064 685 165 39 2 91 1 136 7 3 78 0 0 5 70 2 4 0 77 0 0 2 0 1 2 0
9 63 200 94 1.503 911 207 75 0 92 2 196 8 4 126 1 0 3 68 0 6 0 106 1 0 3 0 0 8 5
9 63 200 95 1.586 999 275 79 1 106 0 185 9 2 151 0 0 1 70 0 14 0 93 0 0 0 0 0 9 4
9 61 193 156 1.013 631 176 46 0 70 1 108 6 0 103 0 0 4 36 0 6 0 63 0 0 1 2 0 8 1
10 64 201 1 1.168 663 172 48 1 61 1 142 3 1 102 1 0 3 37 1 8 0 62 1 0 2 1 0 16 0
10 64 201 2 1.305 783 207 73 2 56 0 171 6 5 117 0 0 4 55 0 14 3 60 1 0 1 0 0 4 4
10 64 201 3 1.161 722 185 66 1 53 0 161 6 8 109 1 0 1 58 0 4 0 56 0 0 0 0 0 10 3
10 64 201 4 1.140 756 190 69 0 74 1 152 4 2 119 0 0 2 70 0 4 0 56 0 0 4 0 0 7 2
10 64 201 5 1.267 813 212 58 3 93 1 149 5 2 121 0 0 3 52 0 7 0 92 1 0 3 3 0 5 3
10 64 202 6 1.314 797 172 66 3 56 2 202 5 0 128 3 0 2 61 0 3 0 81 0 1 2 1 0 4 5
10 64 202 7 1.086 743 153 56 2 73 0 227 10 1 109 0 0 3 35 0 4 1 54 0 0 2 2 0 9 2
10 64 202 8 1.266 778 178 50 2 101 2 183 4 2 103 0 0 5 49 0 11 0 78 0 0 0 1 0 8 1
10 64 202 9 1.231 787 200 76 1 58 4 187 6 2 103 0 0 0 53 0 4 1 65 1 2 3 0 0 18 3
10 64 202 10 1.260 739 194 72 0 57 0 171 4 0 119 0 0 3 43 0 3 0 53 1 1 2 1 0 10 5
10 64 202 11 942 588 133 64 0 56 0 122 3 2 91 0 0 2 43 0 6 0 54 0 0 3 0 1 4 4
10 64 203 12 1.354 891 209 79 2 73 0 210 12 2 142 1 1 8 64 0 4 0 74 2 1 1 0 0 1 5
10 64 203 13 1.015 655 151 67 4 43 0 160 9 0 92 0 0 5 41 1 9 0 56 2 0 0 2 0 9 4
10 64 203 14 1.078 643 173 65 0 50 0 146 2 1 88 0 1 2 45 0 4 0 57 0 1 0 0 0 6 2
10 64 203 15 1.338 860 216 83 1 47 1 194 7 1 110 0 0 5 75 0 8 0 86 2 0 2 0 0 14 8
10 64 203 16 966 617 150 54 0 56 0 138 6 0 84 0 0 6 51 0 2 1 66 1 0 1 1 0 0 0
10 64 203 17 1.252 784 184 58 0 78 2 194 4 0 98 0 0 4 62 0 8 1 75 1 0 3 0 1 8 3
10 64 203 18 994 607 189 55 2 53 0 114 7 1 92 0 0 4 42 0 4 2 33 1 0 3 0 0 4 1
10 64 204 19 1.272 833 206 80 1 57 2 213 3 7 118 0 0 6 43 0 5 0 81 1 0 1 1 0 5 3
10 64 204 20 1.115 676 156 48 1 71 0 142 4 2 102 0 0 3 55 0 1 0 80 1 0 1 1 0 4 4
10 64 204 21 968 595 174 51 0 57 0 119 6 2 60 0 0 3 39 2 7 4 52 0 0 1 0 0 12 6
10 64 204 22 973 611 156 62 0 57 1 130 9 0 87 0 0 3 27 0 10 1 57 2 1 1 0 0 4 3
10 64 204 23 1.062 642 143 58 0 59 0 171 1 2 92 0 0 5 41 0 12 0 52 0 0 0 0 0 6 0
10 64 204 24 1.045 684 205 70 0 53 0 139 6 0 111 0 0 3 24 0 4 0 57 0 0 2 0 0 6 4
10 64 204 25 1.015 618 160 45 0 35 0 143 4 2 104 0 0 4 41 0 9 0 60 0 0 2 1 0 3 5
10 65 205 26 1.089 649 150 59 0 59 0 139 5 1 101 1 0 3 52 0 8 0 56 0 0 0 1 0 7 7
10 65 205 27 1.165 743 218 53 0 88 0 140 5 2 89 0 0 3 52 0 6 0 72 0 3 0 1 0 10 1
10 65 205 28 1.334 828 226 86 1 76 3 153 2 5 118 0 0 3 60 0 7 0 73 0 1 0 1 0 8 5
10 65 205 29 1.092 693 212 48 1 67 2 122 10 0 87 0 0 4 36 0 9 0 84 0 0 2 1 0 3 5
10 65 205 30 1.350 883 229 70 0 100 0 151 9 1 119 0 0 4 76 0 9 0 101 1 1 0 0 0 8 4
10 65 205 31 1.163 717 192 53 0 77 1 135 3 1 92 1 0 3 53 0 6 1 78 0 0 2 3 0 11 5
10 65 206 32 1.085 712 208 75 1 78 0 98 12 5 98 1 0 7 22 0 10 0 84 0 0 1 3 0 7 2
10 65 206 33 763 536 157 33 1 52 0 106 4 1 69 0 0 2 31 1 3 0 66 0 0 1 0 0 5 4
10 65 206 34 1.380 867 217 40 0 123 0 116 6 0 92 0 0 2 120 0 7 0 117 0 1 7 0 0 18 1
10 65 206 35 1.543 945 268 53 0 143 1 151 8 3 116 0 0 5 79 0 11 0 93 0 0 1 0 0 10 3
10 65 206 36 999 671 221 49 0 69 1 115 6 1 91 0 0 3 31 0 8 1 57 1 0 1 1 0 9 6
10 65 206 37 820 468 121 49 0 45 1 90 9 3 32 0 0 1 55 0 4 0 52 1 0 0 0 0 4 1
10 65 207 38 1.203 727 209 81 2 67 1 147 6 1 102 0 0 1 34 0 8 0 57 0 0 1 0 0 8 2
10 65 207 39 1.157 706 228 76 2 48 5 126 7 2 93 1 0 7 32 0 12 0 61 0 0 0 2 0 3 1
10 65 207 40 1.320 783 187 64 1 68 3 200 6 1 91 0 0 9 67 0 10 1 65 0 0 1 1 0 7 1
10 65 207 41 1.138 678 163 64 0 61 0 184 4 2 84 0 0 6 44 0 6 0 52 0 0 2 0 0 5 1
10 66 208 42 1.582 910 342 94 2 70 0 133 14 1 107 0 0 5 35 0 12 1 77 1 0 2 1 0 9 4
10 66 208 43 1.043 569 189 57 0 41 1 82 11 3 70 0 0 6 30 0 8 0 55 0 0 4 4 0 3 5
10 66 209 44 1.107 653 162 59 2 68 0 123 4 2 89 0 0 3 69 0 10 0 54 0 0 0 0 0 0 8
10 66 209 45 945 615 184 45 0 65 1 128 6 4 80 0 0 0 40 0 7 0 49 0 0 3 0 0 3 0
10 66 209 46 979 633 170 53 0 87 1 117 4 0 69 0 0 1 61 1 5 0 48 0 0 0 1 0 10 5
10 66 209 47 1.342 888 244 87 1 79 0 168 13 2 118 0 0 0 77 0 4 1 84 1 0 2 2 0 2 3
10 66 209 48 1.130 705 219 63 0 69 3 116 10 1 64 0 0 2 66 1 3 0 74 0 1 1 1 0 9 2
10 66 209 49 989 671 172 41 0 87 0 122 11 1 80 0 0 5 67 0 10 0 65 1 0 0 1 0 3 5
10 66 209 50 1.225 801 235 43 0 88 0 135 9 1 98 0 0 11 64 0 8 0 97 0 0 1 1 0 9 1
10 67 210 51 1.104 760 202 42 1 103 2 154 5 1 87 0 0 2 69 0 4 0 73 0 0 3 1 0 8 3
10 67 210 52 1.562 1.112 276 120 1 150 0 264 8 4 134 0 0 3 41 0 6 0 92 0 2 0 1 0 10 0
10 67 210 53 1.300 979 249 90 0 132 0 235 4 0 126 0 0 2 48 0 7 0 77 0 1 0 1 0 6 1
10 67 210 54 669 437 127 18 0 66 1 90 7 2 44 0 0 2 43 0 2 0 30 0 0 0 1 0 3 1
10 67 211 55 1.744 1.224 267 102 2 136 0 342 6 3 167 0 0 3 42 0 8 1 129 0 0 1 1 1 11 2
10 68 212 56 1.179 562 207 58 1 25 0 116 6 0 80 0 0 6 13 0 2 2 37 1 0 0 3 0 5 0
10 68 212 57 940 527 187 46 0 53 0 85 5 1 71 0 0 4 20 0 7 0 39 0 0 1 1 1 1 5
10 68 212 58 796 476 176 0 0 27 0 83 0 0 74 0 0 1 13 0 2 4 27 0 0 58 0 0 5 6
10 68 213 59 1.089 632 224 67 0 56 0 114 9 1 70 0 0 5 19 0 3 1 55 1 0 0 0 0 5 2
10 68 213 60 1.010 623 207 77 2 41 0 127 6 0 77 0 0 5 17 0 12 1 44 0 0 0 0 0 3 4
10 68 213 61 1.355 938 215 99 1 63 1 250 7 5 181 0 0 3 37 0 8 0 53 1 0 0 1 1 2 10
10 68 213 62 1.145 769 201 82 1 59 1 186 9 2 127 0 0 3 21 0 9 0 58 0 0 2 0 1 5 2
10 68 214 63 983 630 150 50 2 55 0 167 3 1 101 0 0 3 32 0 9 0 46 1 0 0 0 0 7 3
10 68 214 64 1.173 708 179 73 0 40 0 170 9 3 124 0 0 6 24 0 6 1 51 1 1 0 2 0 6 12
10 68 214 65 1.174 757 229 70 0 57 1 160 16 1 128 0 0 2 18 1 5 0 57 0 0 3 0 0 9 0
10 68 214 66 1.410 889 253 90 0 85 0 204 14 2 135 0 0 3 34 0 7 0 48 0 1 2 1 0 9 1
10 68 214 67 1.178 788 177 48 0 84 1 221 9 1 123 1 0 4 51 0 2 0 56 0 0 0 0 0 7 3
10 68 214 68 1.081 690 191 55 0 93 2 146 16 3 101 0 0 0 27 0 1 0 47 0 0 1 1 0 6 0
10 68 215 69 1.435 896 252 95 1 78 0 157 9 2 130 0 0 6 33 0 7 1 99 0 0 1 1 1 17 6
10 68 215 70 1.168 738 210 57 1 59 0 128 10 16 121 0 0 4 36 0 12 0 65 0 0 0 2 0 16 1
10 68 215 71 1.334 877 221 78 1 106 0 160 9 4 153 0 0 7 39 0 5 3 77 0 0 2 1 0 7 4
10 68 215 72 1.415 850 280 86 1 66 0 132 16 2 104 0 0 5 44 0 7 0 93 0 0 4 0 0 6 4
10 68 215 73 1.160 712 203 56 0 54 0 147 9 1 103 0 1 4 36 0 4 0 80 0 0 2 0 0 8 4
10 68 215 74 1.143 703 213 57 1 62 2 134 5 1 95 0 0 1 27 0 5 1 78 0 0 3 4 0 5 9
10 68 215 75 1.092 665 235 43 0 53 1 111 10 4 94 2 0 3 38 0 5 1 44 0 0 5 1 0 15 0
10 69 216 76 1.447 919 353 90 0 97 0 143 8 1 132 0 0 2 9 0 8 1 65 0 0 1 0 0 7 2
10 69 217 77 1.151 766 192 81 2 91 0 163 10 2 100 0 0 0 35 0 3 0 69 1 0 1 1 1 12 2
10 69 217 78 1.405 963 279 50 1 141 0 212 11 4 110 0 0 3 57 0 1 2 84 0 0 1 0 0 5 2
10 69 217 79 1.310 838 297 43 2 119 0 125 9 2 85 0 0 5 45 0 7 2 91 0 0 4 0 0 2 0
10 69 218 80 1.170 644 116 24 0 152 5 184 4 1 62 0 0 0 40 0 6 1 39 0 1 1 1 0 6 1
10 70 219 81 1.281 639 209 30 0 79 0 41 6 3 36 2 0 6 65 0 6 2 137 0 0 6 1 1 9 0
10 70 219 82 922 329 121 10 1 31 0 21 5 0 16 0 0 1 36 0 4 0 73 0 1 6 0 0 2 1
10 70 219 83 917 352 125 15 0 38 0 24 7 3 22 0 2 3 23 0 10 0 65 0 0 4 2 0 6 3
10 70 219 84 949 468 184 15 2 33 0 33 9 2 31 3 0 3 41 0 3 1 94 2 1 8 1 0 1 1
10 70 220 85 1.155 552 207 12 3 40 2 40 3 0 52 1 0 2 61 1 5 0 114 0 0 2 0 1 4 2
10 70 220 86 1.209 608 192 19 0 52 0 57 17 3 53 0 0 5 58 0 11 1 125 0 0 7 0 0 6 2
10 70 220 87 1.181 536 180 15 1 59 0 45 2 0 45 0 0 3 69 0 5 1 96 0 0 6 1 0 3 5
10 70 220 88 1.270 701 243 16 3 120 1 56 11 3 46 0 0 1 73 0 7 1 107 0 0 4 2 0 4 3
10 70 221 89 1.126 485 153 14 5 46 0 64 5 0 36 3 0 2 50 1 6 0 87 0 0 5 0 2 4 2
10 70 222 90 982 503 163 17 7 55 0 37 10 2 37 1 0 1 52 0 7 4 99 1 0 3 2 1 4 0
10 70 222 91 1.465 821 264 27 3 110 0 60 9 2 51 0 0 5 79 0 7 0 170 1 0 5 0 0 10 18
10 70 222 92 1.294 822 299 38 2 98 2 89 14 1 57 0 1 2 64 0 6 3 134 0 0 2 0 0 10 0
10 70 222 93 929 626 232 21 0 89 0 54 8 1 60 1 0 2 52 0 3 1 95 0 0 3 1 0 2 1
10 71 223 94 1.685 943 353 69 0 110 1 128 12 1 126 0 0 3 43 0 13 0 63 0 0 2 2 0 14 3
10 71 223 95 928 471 186 24 0 56 0 56 4 0 55 0 0 2 34 0 4 1 36 0 4 4 0 0 5 0
10 71 224 96 1.112 734 155 79 0 88 1 183 2 1 120 1 0 6 27 0 6 1 50 1 0 0 0 0 3 10
10 71 224 97 1.116 704 197 37 1 96 1 159 9 1 82 0 0 1 35 0 2 0 64 1 1 1 0 0 13 3
10 71 224 98 1.508 989 287 51 2 127 0 168 11 2 118 2 0 7 60 0 10 0 123 0 0 6 1 0 9 5
10 71 224 99 835 407 124 26 0 36 1 49 6 1 52 0 0 5 27 0 9 0 64 0 0 2 0 0 4 1
10 71 224 100 1.172 725 198 60 0 76 0 140 5 6 87 1 0 3 59 0 6 2 69 1 0 0 1 0 11 0
10 71 225 101 910 471 136 41 0 64 0 66 2 1 52 1 0 1 36 0 7 1 54 0 0 3 3 0 3 0
10 71 225 102 1.945 1.156 374 53 6 148 1 113 12 7 77 0 1 5 107 1 20 4 203 1 1 5 1 2 9 5
10 71 225 103 1.794 1.148 356 44 1 160 4 127 10 3 110 0 0 3 117 0 9 4 181 0 0 4 0 0 15 0
10 71 225 104 1.447 969 328 70 4 144 0 106 12 3 91 1 0 3 63 0 11 2 109 1 1 2 0 1 9 8
10 72 226 105 1.713 1.092 316 42 3 176 0 160 14 2 96 1 0 9 95 0 22 1 133 1 2 3 0 1 13 2
10 72 226 106 816 519 145 20 0 65 2 93 5 1 62 0 0 5 45 0 9 4 50 0 0 3 0 0 6 4
10 72 226 107 1.194 694 227 0 2 114 0 91 7 1 74 0 0 5 78 0 4 2 74 1 0 1 1 0 11 1
10 72 226 108 1.107 678 142 9 1 125 5 35 8 0 27 0 0 3 239 0 1 1 65 0 0 3 2 1 6 5
10 72 226 109 1.194 738 242 24 2 76 1 77 8 1 83 3 1 5 90 0 7 1 101 0 0 6 0 0 5 5
10 72 226 110 1.242 746 249 39 2 73 1 103 2 3 90 1 0 5 61 0 8 1 99 0 0 2 3 1 2 1
10 72 227 111 998 634 204 36 1 69 2 79 4 1 63 0 2 7 67 3 5 0 83 0 0 1 0 0 6 1
10 72 227 112 1.287 866 249 48 4 124 0 120 7 3 108 0 0 4 80 0 3 0 104 1 0 0 0 0 9 2
10 72 227 113 870 530 195 22 1 62 0 61 4 1 61 0 0 4 45 0 4 3 59 0 0 0 1 1 4 2
10 72 227 114 1.031 582 199 27 1 76 0 88 11 2 53 0 0 2 39 0 4 0 70 1 0 4 0 0 2 3
10 72 228 115 1.101 612 186 30 3 64 0 84 7 1 73 0 0 4 63 0 3 2 73 0 0 1 1 1 8 8
10 72 228 116 1.397 792 228 13 4 112 0 55 7 4 56 0 0 1 151 0 9 3 137 0 0 1 0 0 7 4
10 72 228 117 1.001 608 188 23 0 83 1 59 13 3 39 0 0 3 80 1 3 3 93 0 0 1 3 0 8 4
10 72 228 118 815 550 142 51 0 43 0 144 1 0 70 0 0 0 36 0 4 1 50 0 0 0 1 0 3 4
10 72 228 119 884 510 141 21 1 52 0 69 4 0 46 1 0 3 69 0 9 1 81 0 0 2 1 0 4 5
10 72 229 120 1.041 628 204 33 2 55 0 107 6 0 92 1 0 2 52 0 8 0 60 0 0 2 0 1 3 0
10 72 229 121 1.152 646 230 44 1 59 4 96 7 3 61 0 0 2 36 0 1 0 81 2 0 4 3 1 8 3
10 72 229 122 1.289 910 291 61 1 100 3 136 13 0 109 0 0 3 70 0 13 2 85 2 0 3 0 0 10 8
10 73 230 123 1.067 617 206 20 0 108 0 57 6 2 40 0 0 3 66 0 11 0 81 2 0 4 4 0 4 3
10 73 230 124 914 535 188 15 0 90 4 36 6 1 38 1 2 2 60 0 6 1 72 1 0 7 2 0 2 1
10 73 230 125 886 571 181 22 3 74 2 53 5 1 41 1 0 3 64 0 3 3 104 0 0 4 0 0 3 4
10 73 230 126 882 551 169 17 0 86 0 73 5 1 58 0 0 2 33 0 8 3 87 0 0 3 0 0 4 2
10 73 230 127 759 464 139 17 2 62 0 60 8 1 45 0 0 2 53 0 7 0 62 0 0 2 0 0 2 2
10 73 230 128 1.310 875 258 36 2 169 1 76 9 3 64 0 0 5 106 0 10 1 117 0 0 5 2 1 7 3
10 73 230 129 1.000 669 230 22 1 112 2 45 10 2 57 0 0 1 82 0 5 0 78 1 0 4 2 0 13 2
10 73 231 130 927 536 158 21 1 82 0 29 7 1 36 0 0 0 110 0 9 0 72 0 0 0 0 1 1 8
10 73 231 131 992 619 165 19 0 103 0 65 3 3 59 0 0 3 61 0 4 3 113 0 1 1 2 0 13 1
10 73 231 132 996 604 190 24 1 76 1 43 4 1 37 1 0 0 128 0 5 1 86 1 0 2 0 0 3 0
10 73 231 133 1.296 775 252 25 2 119 0 77 8 2 51 1 0 3 99 0 10 1 113 0 0 3 2 1 3 3
10 73 231 134 1.216 756 232 23 1 74 0 114 15 1 71 0 0 5 82 0 5 1 116 0 1 3 0 1 2 9
10 73 231 135 940 508 186 15 3 74 0 32 1 1 25 0 0 0 71 0 4 0 90 1 0 1 1 0 1 2
10 73 232 136 1.097 669 159 33 1 103 0 60 12 3 46 0 0 3 82 0 7 0 147 0 0 3 2 0 5 3
10 73 232 137 1.227 657 184 14 0 119 4 51 12 1 32 0 0 5 70 0 10 1 140 0 0 4 1 0 6 3
10 73 232 138 1.108 495 165 17 4 60 0 30 4 0 33 0 0 3 63 0 6 2 98 0 0 1 1 0 6 2
10 73 232 139 1.197 639 217 12 0 90 2 49 19 0 26 1 0 1 88 0 5 3 119 0 0 0 1 0 4 2
10 73 233 140 1.190 645 249 17 1 83 0 60 7 1 50 1 0 0 62 0 7 1 97 0 0 2 2 0 4 1
10 73 233 141 866 451 145 22 1 67 0 40 0 1 31 0 0 2 55 0 3 0 73 0 1 3 1 0 3 3
10 73 233 142 1.195 610 190 21 2 67 1 30 8 0 31 1 1 4 80 0 15 1 143 1 0 4 0 1 7 2
10 73 233 143 1.272 667 238 32 0 94 0 62 7 1 47 0 0 3 77 0 9 2 81 0 0 2 0 0 5 7
10 65 206 234 1.410 837 273 43 1 87 0 126 7 3 107 1 1 2 74 0 13 4 82 2 0 1 1 0 4 5
10 69 216 235 1.038 593 213 42 1 65 0 55 0 2 50 0 0 6 48 0 5 1 92 1 0 3 0 0 6 3
10 69 216 236 1.333 798 228 37 1 59 0 129 6 2 83 4 0 5 95 0 10 1 130 0 0 0 1 0 2 5
10 71 225 237 586 337 104 10 1 45 2 49 4 1 29 0 0 4 30 0 2 0 49 1 0 4 0 0 2 0
